s_no,school_id,school_name,board,medium,school_type,address,area,taluk,district,state,pincode,latitude,longitude,google_place_id,phone,email,website
1,S-17802,"J S S Public School, Jss Institutions Campus, B. R",CBSE,English,PRIMARY,"J S S Public School, Jss Institutions Campus, B. R, Mysuru, Mysuru - 571313",Mysuru,Mysuru,Mysuru,Karnataka,571313,12.3017,76.6157,,+91 821 2410000,info.s-17802@mysureschools.in,
2,S-17803,M.C.S Public School-Chamarajanagara,CBSE,English,PRIMARY,"M.C.S Public School-Chamarajanagara, Mysuru, Mysuru",Mysuru,Mysuru,Mysuru,Karnataka,570001,11.92554,76.94018,,+91 821 2410000,info.s-17803@mysureschools.in,
3,S-17804,Manasa Vidyalaya-Chamarajanagara,CBSE,English,PRIMARY,"Manasa Vidyalaya-Chamarajanagara, Gundlupet, Mysuru - 571111",Gundlupet,Gundlupet,Mysuru,Karnataka,571111,11.80962,76.69192,,+91 821 2410000,info.s-17804@mysureschools.in,
4,S-17805,Seva Bharathi,CBSE,English,PRIMARY,"Seva Bharathi, Mysuru, Mysuru - 571313",Mysuru,Mysuru,Mysuru,Karnataka,571313,11.9293,76.94194,,+91 821 2410000,info.s-17805@mysureschools.in,
5,S-17806,Sree Vasavi Vidya Kendra-Chamarajanagara,CBSE,English,PRIMARY,"Sree Vasavi Vidya Kendra-Chamarajanagara, Kollegal, Mysuru",Kollegal,Kollegal,Mysuru,Karnataka,570001,11.92314,76.94458,,+91 821 2410000,info.s-17806@mysureschools.in,
6,S-17807,Sri Murugha Rajendraswamy,CBSE,English,PRIMARY,"Sri Murugha Rajendraswamy, Mysuru, Mysuru - 571313",Mysuru,Mysuru,Mysuru,Karnataka,571313,11.92642,76.94682,,+91 821 2410000,info.s-17807@mysureschools.in,
7,S-17808,Sri Vinayaka Convent-Chamarajanagara,CBSE,English,PRIMARY,"Sri Vinayaka Convent-Chamarajanagara, Gundlupet, Mysuru",Gundlupet,Gundlupet,Mysuru,Karnataka,570001,11.81178,76.69192,,+91 821 2410000,info.s-17808@mysureschools.in,
8,S-17809,Wisdom Educational School-Chamarajanagara,CBSE,English,PRIMARY,"Wisdom Educational School-Chamarajanagara, Kollegal, Mysuru - 571440",Kollegal,Kollegal,Mysuru,Karnataka,571440,11.92786,76.94034,,+91 821 2410000,info.s-17809@mysureschools.in,
9,S-17978,Akshara School Of Excellence-Hassan,CBSE,English,PRIMARY,"Akshara School Of Excellence-Hassan, Hassan, Mysuru",Hassan,Hassan,Mysuru,Karnataka,570001,13.00506,76.09776,,+91 821 2410000,info.s-17978@mysureschools.in,
10,S-17979,Christa Jyothi School-Hassan,CBSE,English,PRIMARY,"Christa Jyothi School-Hassan, Hassan, Mysuru - 573130",Hassan,Hassan,Mysuru,Karnataka,573130,13.00138,76.10424,,+91 821 2410000,info.s-17979@mysureschools.in,
11,S-17980,Cks,CBSE,English,PRIMARY,"Cks, Hassan, Mysuru",Hassan,Hassan,Mysuru,Karnataka,570001,13.00146,76.10408,,+91 821 2410000,info.s-17980@mysureschools.in,
12,S-17981,Green Earth International School-Hassan,CBSE,English,PRIMARY,"Green Earth International School-Hassan, Hassan, Mysuru",Hassan,Hassan,Mysuru,Karnataka,570001,13.00186,76.09904,,+91 821 2410000,info.s-17981@mysureschools.in,
13,S-17982,Gurukula International School-Hassan,CBSE,English,PRIMARY,"Gurukula International School-Hassan, Hassan, Mysuru",Hassan,Hassan,Mysuru,Karnataka,570001,13.00618,76.10368,,+91 821 2410000,info.s-17982@mysureschools.in,
14,S-17983,Hassan Public School-Hassan,CBSE,English,PRIMARY,"Hassan Public School-Hassan, Hassan, Mysuru - 573201",Hassan,Hassan,Mysuru,Karnataka,573201,13.00194,76.10328,,+91 821 2410000,info.s-17983@mysureschools.in,
15,S-17984,Hks International School-Hassan,CBSE,English,PRIMARY,"Hks International School-Hassan, Hassan, Mysuru",Hassan,Hassan,Mysuru,Karnataka,570001,12.99962,76.09952,,+91 821 2410000,info.s-17984@mysureschools.in,
16,S-17985,Jnanasagara International Public School-Hassan,CBSE,English,PRIMARY,"Jnanasagara International Public School-Hassan, Hassan, Mysuru",Hassan,Hassan,Mysuru,Karnataka,570001,13.00562,76.1008,,+91 821 2410000,info.s-17985@mysureschools.in,
17,S-17986,Nethaji Public School-Hassan,CBSE,English,PRIMARY,"Nethaji Public School-Hassan, Hassan, Mysuru",Hassan,Hassan,Mysuru,Karnataka,570001,13.00466,76.10408,,+91 821 2410000,info.s-17986@mysureschools.in,
18,S-17987,Poornachandra Public School-Hassan,CBSE,English,PRIMARY,"Poornachandra Public School-Hassan, Hassan, Mysuru",Hassan,Hassan,Mysuru,Karnataka,570001,13.00474,76.10056,,+91 821 2410000,info.s-17987@mysureschools.in,
19,S-17988,Rishi Sri Vidyanikethana-Hassan,CBSE,English,PRIMARY,"Rishi Sri Vidyanikethana-Hassan, Hassan, Mysuru",Hassan,Hassan,Mysuru,Karnataka,570001,13.00178,76.09656,,+91 821 2410000,info.s-17988@mysureschools.in,
20,S-17989,Royale Apollo International School-Hassan,CBSE,English,PRIMARY,"Royale Apollo International School-Hassan, Hassan, Mysuru",Hassan,Hassan,Mysuru,Karnataka,570001,13.00162,76.10352,,+91 821 2410000,info.s-17989@mysureschools.in,
21,S-17990,Times Gurukula School-Hassan,CBSE,English,PRIMARY,"Times Gurukula School-Hassan, Hassan, Mysuru",Hassan,Hassan,Mysuru,Karnataka,570001,12.99938,76.10176,,+91 821 2410000,info.s-17990@mysureschools.in,
22,S-17991,Vidya Soudha Public School-Hassan,CBSE,English,PRIMARY,"Vidya Soudha Public School-Hassan, Hassan, Mysuru",Hassan,Hassan,Mysuru,Karnataka,570001,13.0021,76.1028,,+91 821 2410000,info.s-17991@mysureschools.in,
23,S-17992,Vidyaniketana Public School-Hassan,CBSE,English,PRIMARY,"Vidyaniketana Public School-Hassan, Hassan, Mysuru",Hassan,Hassan,Mysuru,Karnataka,570001,13.00098,76.1,,+91 821 2410000,info.s-17992@mysureschools.in,
24,S-18034,Ankur Primary School-Kodagu,CBSE,English,PRIMARY,"Ankur Primary School-Kodagu, Napoklu, Mysuru - 571214",Napoklu,Napoklu,Mysuru,Karnataka,571214,12.32392,75.70864,,+91 821 2410000,info.s-18034@mysureschools.in,
25,S-18035,Jnanaganga Residential School-Kodagu,CBSE,English,PRIMARY,"Jnanaganga Residential School-Kodagu, Kushalnagar, Mysuru",Kushalnagar,Kushalnagar,Mysuru,Karnataka,570001,12.4524,75.9605,,+91 821 2410000,info.s-18035@mysureschools.in,
26,S-18036,Kodagu Vidyalaya-Kodagu,CBSE,English,PRIMARY,"Kodagu Vidyalaya-Kodagu, Madikeri, Mysuru",Madikeri,Madikeri,Mysuru,Karnataka,570001,12.42224,75.73876,,+91 821 2410000,info.s-18036@mysureschools.in,
27,S-18037,National Academy School-Kodagu,CBSE,English,PRIMARY,"National Academy School-Kodagu, Mysuru, Mysuru - 571213",Mysuru,Mysuru,Mysuru,Karnataka,571213,12.2989,76.6179,,+91 821 2410000,info.s-18037@mysureschools.in,
28,S-18038,S M S Academy Of Central Education-Kodagu,CBSE,English,PRIMARY,"S M S Academy Of Central Education-Kodagu, Virajpet, Mysuru",Virajpet,Virajpet,Mysuru,Karnataka,570001,12.20156,75.8113,,+91 821 2410000,info.s-18038@mysureschools.in,
29,S-18039,St.Annes Convent School-Kodagu,CBSE,English,PRIMARY,"St.Annes Convent School-Kodagu, Virajpet, Mysuru",Virajpet,Virajpet,Mysuru,Karnataka,570001,12.199,75.80938,,+91 821 2410000,info.s-18039@mysureschools.in,
30,S-18040,The Alg Crescent School-Kodagu,CBSE,English,PRIMARY,"The Alg Crescent School-Kodagu, Madikeri, Mysuru",Madikeri,Madikeri,Mysuru,Karnataka,570001,12.42472,75.7402,,+91 821 2410000,info.s-18040@mysureschools.in,
31,S-18067,Achievers International Public School-Mandya,CBSE,English,PRIMARY,"Achievers International Public School-Mandya, Mandya, Mysuru",Mandya,Mandya,Mysuru,Karnataka,570001,12.52556,76.89626,,+91 821 2410000,info.s-18067@mysureschools.in,
32,S-18068,Aishwarya International Public School-Mandya,CBSE,English,PRIMARY,"Aishwarya International Public School-Mandya, Mandya, Mysuru",Mandya,Mandya,Mysuru,Karnataka,570001,12.52516,76.90042,,+91 821 2410000,info.s-18068@mysureschools.in,
33,S-18069,Akshara International Public School-Mandya,CBSE,English,PRIMARY,"Akshara International Public School-Mandya, Mandya, Mysuru",Mandya,Mandya,Mysuru,Karnataka,570001,12.51988,76.89882,,+91 821 2410000,info.s-18069@mysureschools.in,
34,S-18070,Bhavishyath Public School-Mandya,CBSE,English,PRIMARY,"Bhavishyath Public School-Mandya, Mandya, Mysuru",Mandya,Mandya,Mysuru,Karnataka,570001,12.52028,76.89906,,+91 821 2410000,info.s-18070@mysureschools.in,
35,S-18071,Chinmaya Vidyalaya-Mandya,CBSE,English,PRIMARY,"Chinmaya Vidyalaya-Mandya, Mandya, Mysuru",Mandya,Mandya,Mysuru,Karnataka,570001,12.5238,76.8933,,+91 821 2410000,info.s-18071@mysureschools.in,
36,S-18072,Ellen School-Mandya,CBSE,English,PRIMARY,"Ellen School-Mandya, Mandya, Mysuru - 571432",Mandya,Mandya,Mysuru,Karnataka,571432,12.523,76.89474,,+91 821 2410000,info.s-18072@mysureschools.in,
37,S-18073,Geethanjali Higher Primary School-Mandya,CBSE,English,PRIMARY,"Geethanjali Higher Primary School-Mandya, Mandya, Mysuru - 571403",Mandya,Mandya,Mysuru,Karnataka,571403,12.51876,76.89522,,+91 821 2410000,info.s-18073@mysureschools.in,
38,S-18074,Green Valley Central School-Mandya,CBSE,English,PRIMARY,"Green Valley Central School-Mandya, Mandya, Mysuru",Mandya,Mandya,Mysuru,Karnataka,570001,12.5194,76.89938,,+91 821 2410000,info.s-18074@mysureschools.in,
39,S-18075,Jnana Bandhu Vidyalaya-Mandya,CBSE,English,PRIMARY,"Jnana Bandhu Vidyalaya-Mandya, Mandya, Mysuru",Mandya,Mandya,Mysuru,Karnataka,570001,12.51972,76.89538,,+91 821 2410000,info.s-18075@mysureschools.in,
40,S-18076,Jss Primary School-Mandya,CBSE,English,PRIMARY,"Jss Primary School-Mandya, Mandya, Mysuru",Mandya,Mandya,Mysuru,Karnataka,570001,12.52188,76.8989,,+91 821 2410000,info.s-18076@mysureschools.in,
41,S-18077,Laxmidevamma Kavalappa Reddy Eng Med Higher Primary,CBSE,English,PRIMARY,"Laxmidevamma Kavalappa Reddy Eng Med Higher Primary, Mandya, Mysuru",Mandya,Mandya,Mysuru,Karnataka,570001,12.52476,76.90002,,+91 821 2410000,info.s-18077@mysureschools.in,
42,S-18078,Manasa School-Mandya,CBSE,English,PRIMARY,"Manasa School-Mandya, Mandya, Mysuru",Mandya,Mandya,Mysuru,Karnataka,570001,12.51892,76.90066,,+91 821 2410000,info.s-18078@mysureschools.in,
43,S-18079,Montfort Vidyasagar-Mandya,CBSE,English,PRIMARY,"Montfort Vidyasagar-Mandya, Mandya, Mysuru",Mandya,Mandya,Mysuru,Karnataka,570001,12.52164,76.9005,,+91 821 2410000,info.s-18079@mysureschools.in,
44,S-18080,Oxford Public School-Mandya,CBSE,English,PRIMARY,"Oxford Public School-Mandya, Mandya, Mysuru",Mandya,Mandya,Mysuru,Karnataka,570001,12.52132,76.8985,,+91 821 2410000,info.s-18080@mysureschools.in,
45,S-18081,Parivarthana School-Mandya,CBSE,English,PRIMARY,"Parivarthana School-Mandya, Mandya, Mysuru",Mandya,Mandya,Mysuru,Karnataka,570001,12.52268,76.8969,,+91 821 2410000,info.s-18081@mysureschools.in,
46,S-18082,Shree Swaminarayan Gurukul International School-Mandya,CBSE,English,PRIMARY,"Shree Swaminarayan Gurukul International School-Mandya, Mandya, Mysuru",Mandya,Mandya,Mysuru,Karnataka,570001,12.51996,76.89802,,+91 821 2410000,info.s-18082@mysureschools.in,
47,S-18083,St Francis School-Mandya,CBSE,English,PRIMARY,"St Francis School-Mandya, Mandya, Mysuru - 571477",Mandya,Mandya,Mysuru,Karnataka,571477,12.5258,76.89986,,+91 821 2410000,info.s-18083@mysureschools.in,
48,S-18084,St. Vincent School-Mandya,CBSE,English,PRIMARY,"St. Vincent School-Mandya, Mandya, Mysuru",Mandya,Mandya,Mysuru,Karnataka,570001,12.52164,76.89762,,+91 821 2410000,info.s-18084@mysureschools.in,
49,S-18085,Stg Public School-Mandya,CBSE,English,PRIMARY,"Stg Public School-Mandya, Mandya, Mysuru - 571455",Mandya,Mandya,Mysuru,Karnataka,571455,12.51836,76.89882,,+91 821 2410000,info.s-18085@mysureschools.in,
50,S-18086,Vidyakula International School-Mandya,CBSE,English,PRIMARY,"Vidyakula International School-Mandya, Mandya, Mysuru",Mandya,Mandya,Mysuru,Karnataka,570001,12.51852,76.89794,,+91 821 2410000,info.s-18086@mysureschools.in,
51,S-18087,Vijaya Higher Primary School-Mandya,CBSE,English,PRIMARY,"Vijaya Higher Primary School-Mandya, Mandya, Mysuru - 571434",Mandya,Mandya,Mysuru,Karnataka,571434,12.523,76.8981,,+91 821 2410000,info.s-18087@mysureschools.in,
52,S-18088,Amrita Vidalayam-Mysuru,CBSE,English,PRIMARY,"Amrita Vidalayam-Mysuru, Bogadi, Mysuru",Bogadi,Bogadi,Mysuru,Karnataka,570001,12.30402,76.61636,,+91 821 2410000,info.s-18088@mysureschools.in,
53,S-18089,Baden Powell School (R) Mysore-Mysuru,CBSE,English,PRIMARY,"Baden Powell School (R) Mysore-Mysuru, Mysuru, Mysuru",Mysuru,Mysuru,Mysuru,Karnataka,570001,12.2984,76.6217,,+91 821 2410000,info.s-18089@mysureschools.in,
54,S-18090,Balodyana,CBSE,English,PRIMARY,"Balodyana, Mysuru, Mysuru",Mysuru,Mysuru,Mysuru,Karnataka,570001,12.2985,76.6177,,+91 821 2410000,info.s-18090@mysureschools.in,
55,S-18091,Cftri School-Mysuru,CBSE,English,PRIMARY,"Cftri School-Mysuru, Yadavagiri, Mysuru",Yadavagiri,Yadavagiri,Mysuru,Karnataka,570001,12.33104,76.63718,,+91 821 2410000,info.s-18091@mysureschools.in,
56,S-18092,Chaitra Public School-Mysuru,CBSE,English,PRIMARY,"Chaitra Public School-Mysuru, Srirampura, Mysuru",Srirampura,Srirampura,Mysuru,Karnataka,570001,12.2681,76.62484,,+91 821 2410000,info.s-18092@mysureschools.in,
57,S-18093,Christ Public School-Mysuru,CBSE,English,PRIMARY,"Christ Public School-Mysuru, Bogadi, Mysuru - 570026",Bogadi,Bogadi,Mysuru,Karnataka,570026,12.2997,76.61436,,+91 821 2410000,info.s-18093@mysureschools.in,
58,S-18094,Christ The King Convent Public School-Mysuru,CBSE,English,PRIMARY,"Christ The King Convent Public School-Mysuru, Lakshmipuram, Mysuru",Lakshmipuram,Lakshmipuram,Mysuru,Karnataka,570001,12.29994,76.64232,,+91 821 2410000,info.s-18094@mysureschools.in,
59,S-18095,Citizens Public School-Mysuru,CBSE,English,PRIMARY,"Citizens Public School-Mysuru, Nanjangud, Mysuru",Nanjangud,Nanjangud,Mysuru,Karnataka,570001,12.1154,76.68142,,+91 821 2410000,info.s-18095@mysureschools.in,
60,S-18096,Dayananda Arya Vidya Public School-Mysuru,CBSE,English,PRIMARY,"Dayananda Arya Vidya Public School-Mysuru, Mysuru, Mysuru",Mysuru,Mysuru,Mysuru,Karnataka,570001,12.3032,76.6142,,+91 821 2410000,info.s-18096@mysureschools.in,
61,S-18097,De Paul Public School-Mysuru,CBSE,English,PRIMARY,"De Paul Public School-Mysuru, Mysuru, Mysuru",Mysuru,Mysuru,Mysuru,Karnataka,570001,12.307,76.6136,,+91 821 2410000,info.s-18097@mysureschools.in,
62,S-18098,Delhi Public School Mysore-Mysuru,CBSE,English,PRIMARY,"Delhi Public School Mysore-Mysuru, Bannur, Mysuru",Bannur,Bannur,Mysuru,Karnataka,570001,12.3292,76.86282,,+91 821 2410000,info.s-18098@mysureschools.in,
63,S-18099,Demonstration School-Mysuru,CBSE,English,PRIMARY,"Demonstration School-Mysuru, Mysuru, Mysuru",Mysuru,Mysuru,Mysuru,Karnataka,570001,12.3024,76.6208,,+91 821 2410000,info.s-18099@mysureschools.in,
64,S-18100,East West International School-Mysuru,CBSE,English,PRIMARY,"East West International School-Mysuru, Hootagalli, Mysuru - 570018",Hootagalli,Hootagalli,Mysuru,Karnataka,570018,12.35256,76.58406,,+91 821 2410000,info.s-18100@mysureschools.in,
65,S-18101,Eshwar Vidyalaya-Mysuru,CBSE,English,PRIMARY,"Eshwar Vidyalaya-Mysuru, Mysuru, Mysuru",Mysuru,Mysuru,Mysuru,Karnataka,570001,12.3029,76.6184,,+91 821 2410000,info.s-18101@mysureschools.in,
66,S-18102,Excel Public School-Mysuru,CBSE,English,PRIMARY,"Excel Public School-Mysuru, Hootagalli, Mysuru",Hootagalli,Hootagalli,Mysuru,Karnataka,570001,12.35608,76.58222,,+91 821 2410000,info.s-18102@mysureschools.in,
67,S-18103,Hari Vidyalaya-Mysuru,CBSE,English,PRIMARY,"Hari Vidyalaya-Mysuru, Bogadi, Mysuru",Bogadi,Bogadi,Mysuru,Karnataka,570001,12.2989,76.61716,,+91 821 2410000,info.s-18103@mysureschools.in,
68,S-18104,Huda Public School-Mysuru,CBSE,English,PRIMARY,"Huda Public School-Mysuru, Bannimantap, Mysuru",Bannimantap,Bannimantap,Mysuru,Karnataka,570001,12.3381,76.65432,,+91 821 2410000,info.s-18104@mysureschools.in,
69,S-18105,Icon International School-Mysuru,CBSE,English,PRIMARY,"Icon International School-Mysuru, Mysuru, Mysuru",Mysuru,Mysuru,Mysuru,Karnataka,570001,12.3069,76.6173,,+91 821 2410000,info.s-18105@mysureschools.in,
70,S-18106,J S S Pub School-Mysuru,CBSE,English,PRIMARY,"J S S Pub School-Mysuru, J P Nagar, Mysuru",J P Nagar,J P Nagar,Mysuru,Karnataka,570001,12.27362,76.65594,,+91 821 2410000,info.s-18106@mysureschools.in,
71,S-18107,J.S.S. Public School-Mysuru,CBSE,English,PRIMARY,"J.S.S. Public School-Mysuru, Siddartha Nagar, Mysuru",Siddartha Nagar,Siddartha Nagar,Mysuru,Karnataka,570001,12.30784,76.68246,,+91 821 2410000,info.s-18107@mysureschools.in,
72,S-18108,Kautilya Vidyalaya-Mysuru,CBSE,English,PRIMARY,"Kautilya Vidyalaya-Mysuru, Dattagalli, Mysuru",Dattagalli,Dattagalli,Mysuru,Karnataka,570001,12.28646,76.60932,,+91 821 2410000,info.s-18108@mysureschools.in,
73,S-18109,Knc Innovative Global School-Mysuru,CBSE,English,PRIMARY,"Knc Innovative Global School-Mysuru, Hebbal, Mysuru - 570016",Hebbal,Hebbal,Mysuru,Karnataka,570016,12.36398,76.6148,,+91 821 2410000,info.s-18109@mysureschools.in,
74,S-18110,Mahabodhi School-Mysuru,CBSE,English,PRIMARY,"Mahabodhi School-Mysuru, Mysuru, Mysuru",Mysuru,Mysuru,Mysuru,Karnataka,570001,12.3058,76.6175,,+91 821 2410000,info.s-18110@mysureschools.in,
75,S-18112,Manasarowar Pushkarini Vidyashrama-Mysuru,CBSE,English,PRIMARY,"Manasarowar Pushkarini Vidyashrama-Mysuru, Vijayanagar, Mysuru",Vijayanagar,Vijayanagar,Mysuru,Karnataka,570001,12.3393,76.60726,,+91 821 2410000,info.s-18112@mysureschools.in,
76,S-18113,Mysore International School-Mysuru,CBSE,English,PRIMARY,"Mysore International School-Mysuru, Mysuru, Mysuru",Mysuru,Mysuru,Mysuru,Karnataka,570001,12.3032,76.6168,,+91 821 2410000,info.s-18113@mysureschools.in,
77,S-18114,Mysore West Lions Sevaniketan School-Mysuru,CBSE,English,PRIMARY,"Mysore West Lions Sevaniketan School-Mysuru, Gokulam, Mysuru",Gokulam,Gokulam,Mysuru,Karnataka,570001,12.33578,76.63204,,+91 821 2410000,info.s-18114@mysureschools.in,
78,S-18115,Nalanda Gurukul Intenational-Mysuru,CBSE,English,PRIMARY,"Nalanda Gurukul Intenational-Mysuru, Periyapatna, Mysuru - 571104",Periyapatna,Periyapatna,Mysuru,Karnataka,571104,12.34278,76.10036,,+91 821 2410000,info.s-18115@mysureschools.in,
79,S-18116,Navkis Educational Centre-Mysuru,CBSE,English,PRIMARY,"Navkis Educational Centre-Mysuru, Bannur, Mysuru - 570010",Bannur,Bannur,Mysuru,Karnataka,570010,12.3344,76.86298,,+91 821 2410000,info.s-18116@mysureschools.in,
80,S-18117,Nirmala Public School-Mysuru,CBSE,English,PRIMARY,"Nirmala Public School-Mysuru, Mysuru, Mysuru",Mysuru,Mysuru,Mysuru,Karnataka,570001,12.2977,76.6135,,+91 821 2410000,info.s-18117@mysureschools.in,
81,S-18118,Nps International School-Mysuru,CBSE,English,PRIMARY,"Nps International School-Mysuru, Vijayanagar, Mysuru - 570018",Vijayanagar,Vijayanagar,Mysuru,Karnataka,570018,12.34186,76.60478,,+91 821 2410000,info.s-18118@mysureschools.in,
82,S-18119,Pramati Hill View Academy-Mysuru,CBSE,English,PRIMARY,"Pramati Hill View Academy-Mysuru, Kuvempunagar, Mysuru",Kuvempunagar,Kuvempunagar,Mysuru,Karnataka,570001,12.28644,76.62518,,+91 821 2410000,info.s-18119@mysureschools.in,
83,S-18120,Presentation Public School-Mysuru,CBSE,English,PRIMARY,"Presentation Public School-Mysuru, Mysuru, Mysuru - 570019",Mysuru,Mysuru,Mysuru,Karnataka,570019,12.3037,76.6167,,+91 821 2410000,info.s-18120@mysureschools.in,
84,S-18121,Purna Chetana Public School-Mysuru,CBSE,English,PRIMARY,"Purna Chetana Public School-Mysuru, H.D. Kote, Mysuru",H.D. Kote,H.D. Kote,Mysuru,Karnataka,570001,11.9848,76.31532,,+91 821 2410000,info.s-18121@mysureschools.in,
85,S-18122,Pushpa,CBSE,English,PRIMARY,"Pushpa, Mysuru, Mysuru",Mysuru,Mysuru,Mysuru,Karnataka,570001,12.3013,76.619,,+91 821 2410000,info.s-18122@mysureschools.in,
86,S-18123,Rainbow Public School-Mysuru,CBSE,English,PRIMARY,"Rainbow Public School-Mysuru, Bogadi, Mysuru - 570026",Bogadi,Bogadi,Mysuru,Karnataka,570026,12.29858,76.61604,,+91 821 2410000,info.s-18123@mysureschools.in,
87,S-18124,Royale Concorde International School Mysuru-Mysuru,CBSE,English,PRIMARY,"Royale Concorde International School Mysuru-Mysuru, Mysuru, Mysuru - 570026",Mysuru,Mysuru,Mysuru,Karnataka,570026,12.2978,76.6132,,+91 821 2410000,info.s-18124@mysureschools.in,
88,S-18126,S.V.E.I.School-Mysuru,CBSE,English,PRIMARY,"S.V.E.I.School-Mysuru, Vijayanagar, Mysuru - 570018",Vijayanagar,Vijayanagar,Mysuru,Karnataka,570018,12.33834,76.6047,,+91 821 2410000,info.s-18126@mysureschools.in,
89,S-18127,Sai Nalanda Central School-Mysuru,CBSE,English,PRIMARY,"Sai Nalanda Central School-Mysuru, Mysuru, Mysuru - 571602",Mysuru,Mysuru,Mysuru,Karnataka,571602,12.2983,76.6133,,+91 821 2410000,info.s-18127@mysureschools.in,
90,S-18129,Shastry School-Mysuru,CBSE,English,PRIMARY,"Shastry School-Mysuru, Hunsur, Mysuru",Hunsur,Hunsur,Mysuru,Karnataka,570001,12.30924,76.29586,,+91 821 2410000,info.s-18129@mysureschools.in,
91,S-18130,Shikshkarnicentralschool-Mysuru,CBSE,English,PRIMARY,"Shikshkarnicentralschool-Mysuru, Vijayanagar, Mysuru",Vijayanagar,Vijayanagar,Mysuru,Karnataka,570001,12.33946,76.6071,,+91 821 2410000,info.s-18130@mysureschools.in,
92,S-18132,Sree Natraja Public School-Mysuru,CBSE,English,PRIMARY,"Sree Natraja Public School-Mysuru, Mysuru, Mysuru",Mysuru,Mysuru,Mysuru,Karnataka,570001,12.3018,76.613,,+91 821 2410000,info.s-18132@mysureschools.in,
93,S-18133,Sri Lakshmi Venkateshwara Public School-Mysuru,CBSE,English,PRIMARY,"Sri Lakshmi Venkateshwara Public School-Mysuru, Mysuru, Mysuru",Mysuru,Mysuru,Mysuru,Karnataka,570001,12.2975,76.6134,,+91 821 2410000,info.s-18133@mysureschools.in,
94,S-18136,St Thomas,CBSE,English,PRIMARY,"St Thomas, Mysuru, Mysuru",Mysuru,Mysuru,Mysuru,Karnataka,570001,12.3043,76.6208,,+91 821 2410000,info.s-18136@mysureschools.in,
95,S-18137,St. Anthonys International School-Mysuru,CBSE,English,PRIMARY,"St. Anthonys International School-Mysuru, Hunsur, Mysuru",Hunsur,Hunsur,Mysuru,Karnataka,570001,12.3118,76.29202,,+91 821 2410000,info.s-18137@mysureschools.in,
96,S-18138,St. Arnolds Central School-Mysuru,CBSE,English,PRIMARY,"St. Arnolds Central School-Mysuru, Mysuru, Mysuru - 570019",Mysuru,Mysuru,Mysuru,Karnataka,570019,12.3067,76.6179,,+91 821 2410000,info.s-18138@mysureschools.in,
97,S-18139,St. Francis School-Mysuru,CBSE,English,PRIMARY,"St. Francis School-Mysuru, Bogadi, Mysuru - 570026",Bogadi,Bogadi,Mysuru,Karnataka,570026,12.30602,76.61884,,+91 821 2410000,info.s-18139@mysureschools.in,
98,S-18140,St. Joseph Central School-Mysuru,CBSE,English,PRIMARY,"St. Joseph Central School-Mysuru, Hunsur, Mysuru - 571105",Hunsur,Hunsur,Mysuru,Karnataka,571105,12.3098,76.2937,,+91 821 2410000,info.s-18140@mysureschools.in,
99,S-18141,St. Josephs Central School-Mysuru,CBSE,English,PRIMARY,"St. Josephs Central School-Mysuru, Hunsur, Mysuru",Hunsur,Hunsur,Mysuru,Karnataka,570001,12.30492,76.29138,,+91 821 2410000,info.s-18141@mysureschools.in,
100,S-18142,St. Josephs Central School-Mysuru,CBSE,English,PRIMARY,"St. Josephs Central School-Mysuru, Vijayanagar, Mysuru",Vijayanagar,Vijayanagar,Mysuru,Karnataka,570001,12.34306,76.61126,,+91 821 2410000,info.s-18142@mysureschools.in,
101,S-18143,St. Josephs School-Mysuru,CBSE,English,PRIMARY,"St. Josephs School-Mysuru, Jayalakshmipuram, Mysuru",Jayalakshmipuram,Jayalakshmipuram,Mysuru,Karnataka,570001,12.32548,76.63122,,+91 821 2410000,info.s-18143@mysureschools.in,
102,S-18144,St. Maria De Mattias School-Mysuru,CBSE,English,PRIMARY,"St. Maria De Mattias School-Mysuru, Srirampura, Mysuru - 570008",Srirampura,Srirampura,Mysuru,Karnataka,570008,12.26938,76.62692,,+91 821 2410000,info.s-18144@mysureschools.in,
103,S-18145,St. Marys,CBSE,English,PRIMARY,"St. Marys, Mysuru, Mysuru - 571124",Mysuru,Mysuru,Mysuru,Karnataka,571124,12.3026,76.6155,,+91 821 2410000,info.s-18145@mysureschools.in,
104,S-18146,St. Rosollos Central School-Mysuru,CBSE,English,PRIMARY,"St. Rosollos Central School-Mysuru, Mysuru, Mysuru - 570023",Mysuru,Mysuru,Mysuru,Karnataka,570023,12.3035,76.618,,+91 821 2410000,info.s-18146@mysureschools.in,
105,S-18147,St.Josephs Public School-Mysuru,CBSE,English,PRIMARY,"St.Josephs Public School-Mysuru, Mysuru, Mysuru - 570008",Mysuru,Mysuru,Mysuru,Karnataka,570008,12.3017,76.6193,,+91 821 2410000,info.s-18147@mysureschools.in,
106,S-18148,St.Norbert School-Mysuru,CBSE,English,PRIMARY,"St.Norbert School-Mysuru, Kollegal, Mysuru",Kollegal,Kollegal,Mysuru,Karnataka,570001,12.15908,77.1169,,+91 821 2410000,info.s-18148@mysureschools.in,
107,S-18149,Supreme Public School-Mysuru,CBSE,English,PRIMARY,"Supreme Public School-Mysuru, Dattagalli, Mysuru",Dattagalli,Dattagalli,Mysuru,Karnataka,570001,12.28326,76.60316,,+91 821 2410000,info.s-18149@mysureschools.in,
108,S-18150,Talent Public School-Mysuru,CBSE,English,PRIMARY,"Talent Public School-Mysuru, Hunsur, Mysuru",Hunsur,Hunsur,Mysuru,Karnataka,570001,12.30796,76.29338,,+91 821 2410000,info.s-18150@mysureschools.in,
109,S-18151,The Orchids Public School-Mysuru,CBSE,English,PRIMARY,"The Orchids Public School-Mysuru, Bogadi, Mysuru",Bogadi,Bogadi,Mysuru,Karnataka,570001,12.3057,76.6194,,+91 821 2410000,info.s-18151@mysureschools.in,
110,S-18152,Thirumala Public School-Mysuru,CBSE,English,PRIMARY,"Thirumala Public School-Mysuru, T Narasipura, Mysuru - 570028",T Narasipura,T Narasipura,Mysuru,Karnataka,570028,12.2101,76.90052,,+91 821 2410000,info.s-18152@mysureschools.in,
111,S-18153,True Shepherd Public School-Mysuru,CBSE,English,PRIMARY,"True Shepherd Public School-Mysuru, Mysuru, Mysuru",Mysuru,Mysuru,Mysuru,Karnataka,570001,12.3059,76.6171,,+91 821 2410000,info.s-18153@mysureschools.in,
112,S-18154,Vasavi Central School-Mysuru,CBSE,English,PRIMARY,"Vasavi Central School-Mysuru, Mysuru, Mysuru",Mysuru,Mysuru,Mysuru,Karnataka,570001,12.2974,76.6141,,+91 821 2410000,info.s-18154@mysureschools.in,
113,S-18155,Vidyavardhaka Sangha B M Sri Educational Instituti,CBSE,English,PRIMARY,"Vidyavardhaka Sangha B M Sri Educational Instituti, Kuvempunagar, Mysuru",Kuvempunagar,Kuvempunagar,Mysuru,Karnataka,570001,12.28572,76.63062,,+91 821 2410000,info.s-18155@mysureschools.in,
114,S-18156,Viveka School Of Excellence-Mysuru,CBSE,English,PRIMARY,"Viveka School Of Excellence-Mysuru, Mysuru, Mysuru",Mysuru,Mysuru,Mysuru,Karnataka,570001,12.3052,76.6208,,+91 821 2410000,info.s-18156@mysureschools.in,
115,S-18157,Wisdom School-Mysuru,CBSE,English,PRIMARY,"Wisdom School-Mysuru, Nanjangud, Mysuru",Nanjangud,Nanjangud,Mysuru,Karnataka,570001,12.12124,76.6799,,+91 821 2410000,info.s-18157@mysureschools.in,
116,S-18184,The Apple School-Mandya,CBSE,English,PRIMARY,"The Apple School-Mandya, Mandya, Mysuru - 562160",Mandya,Mandya,Mysuru,Karnataka,562160,12.52412,76.89986,,+91 821 2410000,info.s-18184@mysureschools.in,
117,S-18384,Coorg Public School-Kodagu,ICSE,English,PRIMARY,"Coorg Public School-Kodagu, Gonikoppal, Mysuru - 571213",Gonikoppal,Gonikoppal,Mysuru,Karnataka,571213,12.18408,75.80712,,+91 821 2410000,head.ka053@cisceschools.org,
118,S-18392,Notre Dame School-Mysuru,ICSE,English,PRIMARY,"Notre Dame School-Mysuru, Vijayanagar, Mysuru - 570017",Vijayanagar,Vijayanagar,Mysuru,Karnataka,570017,12.33938,76.60726,,+91 821 2410000,head.ka061@cisceschools.org,
119,S-18394,Acharya Vidya Kula-Kodagu,ICSE,English,PRIMARY,"Acharya Vidya Kula-Kodagu, Madikeri, Mysuru - 571130",Madikeri,Madikeri,Mysuru,Karnataka,571130,12.42504,75.7342,,+91 821 2410000,head.ka063@cisceschools.org,
120,S-18396,Mysore Public School-Mysuru,ICSE,English,PRIMARY,"Mysore Public School-Mysuru, H.D. Kote, Mysuru - 570008",H.D. Kote,H.D. Kote,Mysuru,Karnataka,570008,11.98592,76.31116,,+91 821 2410000,head.ka065@cisceschools.org,
121,S-18422,De Paul International Residential School-Mysuru,ICSE,English,PRIMARY,"De Paul International Residential School-Mysuru, Srirangapatna, Mysuru - 571606",Srirangapatna,Srirangapatna,Mysuru,Karnataka,571606,12.42474,76.69712,,+91 821 2410000,head.ka097@cisceschools.org,
122,S-18432,Jnanasarovara International Residential School-Hassan,ICSE,English,PRIMARY,"Jnanasarovara International Residential School-Hassan, Bannur, Mysuru - 570028",Bannur,Bannur,Mysuru,Karnataka,570028,12.33264,76.86162,,+91 821 2410000,head.ka109@cisceschools.org,
123,S-18438,Cauvery Public School-Mandya,ICSE,English,PRIMARY,"Cauvery Public School-Mandya, Mandya, Mysuru - 571401",Mandya,Mandya,Mysuru,Karnataka,571401,12.52084,76.8937,,+91 821 2410000,head.ka116@cisceschools.org,
124,S-18448,Karaumbiahs Academy For Learning And Sports-Kodagu,ICSE,English,PRIMARY,"Karaumbiahs Academy For Learning And Sports-Kodagu, Gonikoppal, Mysuru - 571213",Gonikoppal,Gonikoppal,Mysuru,Karnataka,571213,12.18352,75.8036,,+91 821 2410000,head.ka127@cisceschools.org,
125,S-18458,General Thimmaiah Public School-Kodagu,ICSE,English,PRIMARY,"General Thimmaiah Public School-Kodagu, Madikeri, Mysuru - 571201",Madikeri,Madikeri,Mysuru,Karnataka,571201,12.42416,75.73604,,+91 821 2410000,head.ka139@cisceschools.org,
126,S-18484,St. Francis Icse School-Chamarajanagara,ICSE,English,PRIMARY,"St. Francis Icse School-Chamarajanagara, Mysuru, Mysuru - 571342",Mysuru,Mysuru,Mysuru,Karnataka,571342,11.92314,76.9429,,+91 821 2410000,head.ka171@cisceschools.org,
127,S-18495,Anantha International School-Hassan,ICSE,English,PRIMARY,"Anantha International School-Hassan, Hassan, Mysuru - 573103",Hassan,Hassan,Mysuru,Karnataka,573103,13.00338,76.10304,,+91 821 2410000,head.ka183@cisceschools.org,
128,S-18496,Adhyayan School-Mysuru,ICSE,English,PRIMARY,"Adhyayan School-Mysuru, Hassan, Mysuru - 570029",Hassan,Hassan,Mysuru,Karnataka,570029,13.00018,76.10336,,+91 821 2410000,head.ka184@cisceschools.org,
129,S-18508,Santhome Public School-Mandya,ICSE,English,PRIMARY,"Santhome Public School-Mandya, Bannur, Mysuru - 571403",Bannur,Bannur,Mysuru,Karnataka,571403,12.33304,76.86818,,+91 821 2410000,head.ka199@cisceschools.org,
130,S-18509,Gnanodaya Public School-Mandya,ICSE,English,PRIMARY,"Gnanodaya Public School-Mandya, Mandya, Mysuru - 571438",Mandya,Mandya,Mysuru,Karnataka,571438,12.35208,76.57994,,+91 821 2410000,head.ka201@cisceschools.org,
131,S-18530,Nalanda Gurukula International-Hassan,ICSE,English,PRIMARY,"Nalanda Gurukula International-Hassan, Periyapatna, Mysuru - 571104",Periyapatna,Periyapatna,Mysuru,Karnataka,571104,12.34438,76.1018,,+91 821 2410000,head.ka228@cisceschools.org,
132,S-18547,Flos Carmeli Convent School-Mysuru,ICSE,English,PRIMARY,"Flos Carmeli Convent School-Mysuru, Mysuru, Mysuru - 570003",Mysuru,Mysuru,Mysuru,Karnataka,570003,12.3038,76.6223,,+91 821 2410000,head.ka247@cisceschools.org,
133,S-18552,Jyothi Nivas School-Mandya,ICSE,English,PRIMARY,"Jyothi Nivas School-Mandya, Mandya, Mysuru - 571438",Mandya,Mandya,Mysuru,Karnataka,571438,12.51916,76.8997,,+91 821 2410000,head.ka252@cisceschools.org,
134,S-18577,Prajna Central School-Hassan,ICSE,English,PRIMARY,"Prajna Central School-Hassan, Hassan, Mysuru - 577548",Hassan,Hassan,Mysuru,Karnataka,577548,13.00298,76.09744,,+91 821 2410000,head.ka284@cisceschools.org,
135,S-18590,B G S Model Public School-Mandya,ICSE,English,PRIMARY,"B G S Model Public School-Mandya, Mandya, Mysuru - 571418",Mandya,Mandya,Mysuru,Karnataka,571418,12.5214,76.89874,,+91 821 2410000,head.ka300@cisceschools.org,
136,S-18592,Shree Mahaveer Jain Vidyalaya-Mysuru,ICSE,English,PRIMARY,"Shree Mahaveer Jain Vidyalaya-Mysuru, Siddartha Layout, Mysuru - 570011",Siddartha Layout,Siddartha Layout,Mysuru,Karnataka,570011,12.30344,76.68774,,+91 821 2410000,head.ka303@cisceschools.org,
137,S-18600,Shri Vivekananda Public School-Mandya,ICSE,English,PRIMARY,"Shri Vivekananda Public School-Mandya, Mandya, Mysuru - 573116",Mandya,Mandya,Mysuru,Karnataka,573116,12.52044,76.89738,,+91 821 2410000,head.ka311@cisceschools.org,
138,S-18605,Shrunga Vidyalaya-Kodagu,ICSE,English,PRIMARY,"Shrunga Vidyalaya-Kodagu, Mysuru, Mysuru - 560067",Mysuru,Mysuru,Mysuru,Karnataka,560067,12.2999,76.6168,,+91 821 2410000,head.ka316@cisceschools.org,
139,S-18625,Sree Pragnaa Gurukula School-Mysuru,ICSE,English,PRIMARY,"Sree Pragnaa Gurukula School-Mysuru, Mysuru, Mysuru - 571101",Mysuru,Mysuru,Mysuru,Karnataka,571101,12.299,76.6226,,+91 821 2410000,head.ka341@cisceschools.org,
140,S-18629,Twinkle United Public School-Mandya,ICSE,English,PRIMARY,"Twinkle United Public School-Mandya, Mandya, Mysuru - 571401",Mandya,Mandya,Mysuru,Karnataka,571401,12.519,76.89738,,+91 821 2410000,head.ka345@cisceschools.org,
141,S-18644,Shanthala Vidya Peetha Higher Primary School-Mysuru,ICSE,English,PRIMARY,"Shanthala Vidya Peetha Higher Primary School-Mysuru, Siddartha Nagar, Mysuru - 570011",Siddartha Nagar,Siddartha Nagar,Mysuru,Karnataka,570011,12.30352,76.68758,,+91 821 2410000,head.ka365@cisceschools.org,
142,S-18647,Samskruthi Gurukula-Mandya,ICSE,English,PRIMARY,"Samskruthi Gurukula-Mandya, Mandya, Mysuru - 571402",Mandya,Mandya,Mysuru,Karnataka,571402,12.52556,76.90114,,+91 821 2410000,head.ka369@cisceschools.org,
143,S-18656,22Nd Century Public School-Mandya,ICSE,English,PRIMARY,"22Nd Century Public School-Mandya, Bannur, Mysuru - 571541",Bannur,Bannur,Mysuru,Karnataka,571541,12.33392,76.8605,,+91 821 2410000,head.ka380@cisceschools.org,
144,S-18665,Lourdes Academy-Mandya,ICSE,English,PRIMARY,"Lourdes Academy-Mandya, Mandya, Mysuru - 560054",Mandya,Mandya,Mysuru,Karnataka,560054,12.51884,76.8961,,+91 821 2410000,head.ka391@cisceschools.org,
145,S-18666,The Global Public School-Mandya,ICSE,English,PRIMARY,"The Global Public School-Mandya, Mandya, Mysuru - 571401",Mandya,Mandya,Mysuru,Karnataka,571401,12.51924,76.89506,,+91 821 2410000,head.ka392@cisceschools.org,
146,S-18668,Good Citizen Higher Primary School-Mysuru,ICSE,English,PRIMARY,"Good Citizen Higher Primary School-Mysuru, Channarayapatna, Mysuru - 573135",Channarayapatna,Channarayapatna,Mysuru,Karnataka,573135,12.9036,76.39352,,+91 821 2410000,head.ka394@cisceschools.org,
147,S-18670,Pragathi Elite Public School-Mysuru,ICSE,English,PRIMARY,"Pragathi Elite Public School-Mysuru, Bogadi, Mysuru - 570026",Bogadi,Bogadi,Mysuru,Karnataka,570026,12.30602,76.61428,,+91 821 2410000,head.ka396@cisceschools.org,
148,S-18676,Pandithya Euroschool-Hassan,ICSE,English,PRIMARY,"Pandithya Euroschool-Hassan, Hassan, Mysuru - 573217",Hassan,Hassan,Mysuru,Karnataka,573217,13.00226,76.09824,,+91 821 2410000,head.ka404@cisceschools.org,
149,S-18679,S R S Prajna Vidya School-Hassan,ICSE,English,PRIMARY,"S R S Prajna Vidya School-Hassan, Hassan, Mysuru - 573201",Hassan,Hassan,Mysuru,Karnataka,573201,13.00274,76.09936,,+91 821 2410000,head.ka409@cisceschools.org,
150,S-18715,Republic Central School-Mandya,ICSE,English,PRIMARY,"Republic Central School-Mandya, Mandya, Mysuru - 571403",Mandya,Mandya,Mysuru,Karnataka,571403,12.51868,76.89906,,+91 821 2410000,head.ka451@cisceschools.org,
151,S-18719,Nypunya School Of Excellence-Mysuru,ICSE,English,PRIMARY,"Nypunya School Of Excellence-Mysuru, Mysuru, Mysuru - 570026",Mysuru,Mysuru,Mysuru,Karnataka,570026,12.3065,76.6166,,+91 821 2410000,head.ka456@cisceschools.org,
152,S-18721,Udgam School-Kodagu,ICSE,English,PRIMARY,"Udgam School-Kodagu, Kushalnagar, Mysuru - 571234",Kushalnagar,Kushalnagar,Mysuru,Karnataka,571234,12.4544,75.95826,,+91 821 2410000,head.ka458@cisceschools.org,
153,S-18734,Green Valley Public School-Mandya,ICSE,English,PRIMARY,"Green Valley Public School-Mandya, Mandya, Mysuru - 571478",Mandya,Mandya,Mysuru,Karnataka,571478,12.5194,76.89754,,+91 821 2410000,head.ka471@cisceschools.org,
154,S-18735,Sri Guru Christa Sharan International School-Hassan,ICSE,English,PRIMARY,"Sri Guru Christa Sharan International School-Hassan, Hassan, Mysuru - 577116",Hassan,Hassan,Mysuru,Karnataka,577116,13.0065,76.09912,,+91 821 2410000,head.ka472@cisceschools.org,
155,S-18738,Vijaya School-Hassan,ICSE,English,PRIMARY,"Vijaya School-Hassan, Hassan, Mysuru - 573202",Hassan,Hassan,Mysuru,Karnataka,573202,13.0049,76.09888,,+91 821 2410000,vijayaschool24@gmail.com,
156,S-21186,Atomic Energy Central School-830045,CBSE,English,PRIMARY,"Atomic Energy Central School-830045, Yelwal, Mysuru",Yelwal,Yelwal,Mysuru,Karnataka,570001,12.34996,76.53174,,+91 821 2410000,info.s-21186@mysureschools.in,
157,S-21202,Capitol Public School-830890,CBSE,English,COMPOSITE,"Capitol Public School-830890, Saraswathipuram, Mysuru",Saraswathipuram,Saraswathipuram,Mysuru,Karnataka,570001,12.30814,76.6309,,+91 821 2410000,info.s-21202@mysureschools.in,
158,S-21207,Christ School-830297,CBSE,English,COMPOSITE,"Christ School-830297, Hassan, Mysuru",Hassan,Hassan,Mysuru,Karnataka,570001,13.00034,76.09896,,+91 821 2410000,info.s-21207@mysureschools.in,
159,S-21208,Christ School-830878,CBSE,English,COMPOSITE,"Christ School-830878, Mysuru, Mysuru - 571302",Mysuru,Mysuru,Mysuru,Karnataka,571302,12.307,76.6224,,+91 821 2410000,info.s-21208@mysureschools.in,
160,S-21224,Global Public School-831379,CBSE,English,COMPOSITE,"Global Public School-831379, Nanjangud, Mysuru",Nanjangud,Nanjangud,Mysuru,Karnataka,570001,12.11892,76.68598,,+91 821 2410000,info.s-21224@mysureschools.in,
161,S-21226,Good Shepherd,CBSE,English,PRIMARY,"Good Shepherd, Mysuru, Mysuru",Mysuru,Mysuru,Mysuru,Karnataka,570001,12.304,76.6177,,+91 821 2410000,info.s-21226@mysureschools.in,
162,S-21236,J S S Public School-830068,CBSE,English,PRIMARY,"J S S Public School-830068, Mysuru, Mysuru",Mysuru,Mysuru,Mysuru,Karnataka,570001,12.2972,76.6207,,+91 821 2410000,info.s-21236@mysureschools.in,
163,S-21254,Jss Public School-830170,CBSE,English,COMPOSITE,"Jss Public School-830170, Hassan, Mysuru",Hassan,Hassan,Mysuru,Karnataka,570001,13.00162,76.0988,,+91 821 2410000,info.s-21254@mysureschools.in,
164,S-21257,Jss Public School-831030,CBSE,English,COMPOSITE,"Jss Public School-831030, Mysuru, Mysuru",Mysuru,Mysuru,Mysuru,Karnataka,570001,12.3004,76.614,,+91 821 2410000,info.s-21257@mysureschools.in,
165,S-21261,Mount Carmel School-830739,CBSE,English,COMPOSITE,"Mount Carmel School-830739, JP Nagar, Mysuru",JP Nagar,JP Nagar,Mysuru,Karnataka,570001,12.26858,76.65338,,+91 821 2410000,info.s-21261@mysureschools.in,
166,S-21280,National Public School-831016-Mandya,CBSE,English,COMPOSITE,"National Public School-831016-Mandya, Mandya, Mysuru",Mandya,Mandya,Mysuru,Karnataka,570001,12.52308,76.89538,,+91 821 2410000,info.s-21280@mysureschools.in,
167,S-21321,School Of India-831121,CBSE,English,PRIMARY,"School Of India-831121, Mandya, Mysuru - 571426",Mandya,Mandya,Mysuru,Karnataka,571426,12.52052,76.89714,,+91 821 2410000,info.s-21321@mysureschools.in,
168,S-21329,Sri Sharada Public School-830342,CBSE,English,COMPOSITE,"Sri Sharada Public School-830342, Mysuru, Mysuru",Mysuru,Mysuru,Mysuru,Karnataka,570001,12.2976,76.6146,,+91 821 2410000,info.s-21329@mysureschools.in,
169,S-21498,St. Marys Convent School-Ka354,ICSE,English,COMPOSITE,"St. Marys Convent School-Ka354, Mandya, Mysuru - 571402",Mandya,Mandya,Mysuru,Karnataka,571402,12.52188,76.89402,,+91 821 2410000,head.ka354@cisceschools.org,
170,S-21501,Christ School-Ka372,ICSE,English,COMPOSITE,"Christ School-Ka372, Hunsur, Mysuru - 571105",Hunsur,Hunsur,Mysuru,Karnataka,571105,12.3062,76.29218,,+91 821 2410000,head.ka372@cisceschools.org,
171,S-21503,Carmel Convent School-Ka382,ICSE,English,COMPOSITE,"Carmel Convent School-Ka382, Mandya, Mysuru - 571401",Mandya,Mandya,Mysuru,Karnataka,571401,12.51996,76.89666,,+91 821 2410000,head.ka382@cisceschools.org,
172,S-21508,Indian Public School-Ka419,ICSE,English,COMPOSITE,"Indian Public School-Ka419, Mandya, Mysuru - 571401",Mandya,Mandya,Mysuru,Karnataka,571401,12.52268,76.90066,,+91 821 2410000,head.ka419@cisceschools.org,
173,S-21510,Vidya Soudha Public School-Ka436,ICSE,English,PRIMARY,"Vidya Soudha Public School-Ka436, Vijayanagar, Mysuru - 573201",Vijayanagar,Vijayanagar,Mysuru,Karnataka,573201,12.34578,76.60598,,+91 821 2410000,head.ka436@cisceschools.org,
174,S-27861,Sdet School-Mysuru,STATE BOARD,English,PRIMARY,"Sdet School-Mysuru, Mysuru, Mysuru - 570003",Mysuru,Mysuru,Mysuru,Karnataka,570003,12.3058,76.613,,990243506,info.s-27861@mysureschools.in,
175,S-28192,Sahara,STATE BOARD,English,PRIMARY,"Sahara, Kollegal, Mysuru - 571440",Kollegal,Kollegal,Mysuru,Karnataka,571440,12.1518,77.1213,,973897612,saharaschool@gmail.com,
176,S-28203,Sri Gokula School-Mysuru,STATE BOARD,English,PRIMARY,"Sri Gokula School-Mysuru, Kuvempunagar, Mysuru - 570023",Kuvempunagar,Kuvempunagar,Mysuru,Karnataka,570023,12.28844,76.62566,,8904117215,srigokulaschool1962@gmail.com,
177,S-28207,Shree Vidhya Academy-Mysuru,STATE BOARD,English,PRIMARY,"Shree Vidhya Academy-Mysuru, Mysuru, Mysuru - 570003",Mysuru,Mysuru,Mysuru,Karnataka,570003,12.3069,76.6198,,994510062,shree.vidhya.academy@gmail.com,
178,S-28213,Bright Academy,STATE BOARD,English,PRIMARY,"Bright Academy, Somwarapet, Mysuru - 573125",Somwarapet,Somwarapet,Mysuru,Karnataka,573125,12.60212,75.86202,,+91 821 2410000,brightacademy66@gmail.com,
179,S-28555,Sri Sharada Kids School-Mandya,OTHER,English,PLAY SCHOOL,"Sri Sharada Kids School-Mandya, Mandya, Mysuru - 571432",Mandya,Mandya,Mysuru,Karnataka,571432,12.5182,76.89786,,998095036,nrarvind8@gmail.com,
180,S-28649,Shree Praharshitha Vidya Samsthe-Tarikere,STATE BOARD,English,PRIMARY,"Shree Praharshitha Vidya Samsthe-Tarikere, Mysuru, Mysuru - 577228",Mysuru,Mysuru,Mysuru,Karnataka,577228,12.3015,76.6205,,+91 821 2410000,praharshithavidhyasamsthe@gmail.com,
181,S-29640,Edu Asia Pre School-Mahajenahalli,OTHER,English,PLAY SCHOOL,"Edu Asia Pre School-Mahajenahalli, Mandya, Mysuru - 577601",Mandya,Mandya,Mysuru,Karnataka,577601,12.52492,76.89378,,959171409,sunithag54@gmail.com,
182,S-30207,Orchid Public School-Mysuru,CBSE,English,PRIMARY,"Orchid Public School-Mysuru, Bogadi, Mysuru",Bogadi,Bogadi,Mysuru,Karnataka,570001,12.30594,76.61804,,984512798,ullaspandit123@gmail.com,
183,S-31047,Bright Academy-Mysuru,STATE BOARD,English,PRIMARY,"Bright Academy-Mysuru, Mysuru, Mysuru",Mysuru,Mysuru,Mysuru,Karnataka,570001,12.3004,76.6141,,948146666,brightacademyschool66@gmail.com,
184,S-33144,"Coorg Valley School, Virajpet",STATE BOARD,English,PRIMARY,"Coorg Valley School, Virajpet, Virajpet, Mysuru - 571218",Virajpet,Virajpet,Mysuru,Karnataka,571218,12.1978,75.8109,,+91 821 2410000,info.s-33144@mysureschools.in,
185,S-33145,"Pragathi School, Virajpet",STATE BOARD,English,PRIMARY,"Pragathi School, Virajpet, Virajpet, Mysuru - 571218",Virajpet,Virajpet,Mysuru,Karnataka,571218,12.19972,75.80874,,+91 821 2410000,info.s-33145@mysureschools.in,
186,S-33146,Kavery School Virajpet,STATE BOARD,English,PRIMARY,"Kavery School Virajpet, Virajpet, Mysuru - 571218",Virajpet,Virajpet,Mysuru,Karnataka,571218,12.19468,75.80802,,+91 821 2410000,info.s-33146@mysureschools.in,
187,S-33147,Little Scholers Academy Virajpet,STATE BOARD,English,PRIMARY,"Little Scholers Academy Virajpet, Virajpet, Mysuru - 571218",Virajpet,Virajpet,Mysuru,Karnataka,571218,12.20124,75.80602,,+91 821 2410000,info.s-33147@mysureschools.in,
188,S-33148,Sms Academy Central School Virajpet,STATE BOARD,English,PRIMARY,"Sms Academy Central School Virajpet, Virajpet, Mysuru - 571218",Virajpet,Virajpet,Mysuru,Karnataka,571218,12.19932,75.80522,,+91 821 2410000,info.s-33148@mysureschools.in,
189,S-33149,"Alg Crecent School, Madikere",STATE BOARD,English,PRIMARY,"Alg Crecent School, Madikere, Mysuru, Mysuru - 571201",Mysuru,Mysuru,Mysuru,Karnataka,571201,12.3007,76.6211,,+91 821 2410000,info.s-33149@mysureschools.in,
190,S-33151,"Sri Krishna Vidyamandira , Siddapura",STATE BOARD,English,PRIMARY,"Sri Krishna Vidyamandira , Siddapura, Siddapur, Mysuru - 571254",Siddapur,Siddapur,Mysuru,Karnataka,571254,12.31128,75.88672,,+91 821 2410000,info.s-33151@mysureschools.in,
191,S-33152,"Iqra Public School, Siddapura",STATE BOARD,English,PRIMARY,"Iqra Public School, Siddapura, Siddapur, Mysuru - 571254",Siddapur,Siddapur,Mysuru,Karnataka,571254,12.31208,75.88624,,+91 821 2410000,info.s-33152@mysureschools.in,
192,S-33153,"Spandana School, Mandya",STATE BOARD,English,PRIMARY,"Spandana School, Mandya, Mandya, Mysuru - 571401",Mandya,Mandya,Mysuru,Karnataka,571401,12.52428,76.89906,,+91 821 2410000,info.s-33153@mysureschools.in,
193,S-33154,Standford Public School Pandupura,STATE BOARD,English,PRIMARY,"Standford Public School Pandupura, Mysuru, Mysuru - 571401",Mysuru,Mysuru,Mysuru,Karnataka,571401,12.3051,76.6192,,+91 821 2410000,info.s-33154@mysureschools.in,
194,S-33155,Sri Muneshwara Eng Med School,STATE BOARD,English,PRIMARY,"Sri Muneshwara Eng Med School, Mysuru, Mysuru - 560049",Mysuru,Mysuru,Mysuru,Karnataka,560049,12.2973,76.614,,+91 821 2410000,info.s-33155@mysureschools.in,
195,S-34284,Sri Gurujnana Vidyalaya-Mandya,STATE BOARD,English,PRIMARY,"Sri Gurujnana Vidyalaya-Mandya, Mandya, Mysuru - 571401",Mandya,Mandya,Mysuru,Karnataka,571401,12.52444,76.8977,,973946440,info.s-34284@mysureschools.in,
196,S-34285,Sri Paramahamsa Vidyaniketana School-Mysuru,STATE BOARD,English,PRIMARY,"Sri Paramahamsa Vidyaniketana School-Mysuru, Hebbal, Mysuru - 570017",Hebbal,Hebbal,Mysuru,Karnataka,570017,12.36374,76.61608,,8431122400,paramahamsavidyaniketana@gmail.com,
197,S-34597,Intelligent Public School-Mysuru,STATE BOARD,English,PRIMARY,"Intelligent Public School-Mysuru, Bogadi, Mysuru - 570026",Bogadi,Bogadi,Mysuru,Karnataka,570026,12.30074,76.61604,,994547385,info.s-34597@mysureschools.in,
198,S-34598,Cnm Public School-Mysuru,STATE BOARD,English,PRIMARY,"Cnm Public School-Mysuru, Srirampura, Mysuru - 570008",Srirampura,Srirampura,Mysuru,Karnataka,570008,12.27594,76.63164,,+91 821 2410000,info.s-34598@mysureschools.in,
199,S-34599,Vijaya Pre School-Mysuru,STATE BOARD,English,PRIMARY,"Vijaya Pre School-Mysuru, Hunsur, Mysuru - 570017",Hunsur,Hunsur,Mysuru,Karnataka,570017,12.31012,76.29178,,+91 821 2410000,info.s-34599@mysureschools.in,
200,S-34600,Rotary Midtown School-Mysuru,STATE BOARD,English,PRIMARY,"Rotary Midtown School-Mysuru, Hootagalli, Mysuru - 570018",Hootagalli,Hootagalli,Mysuru,Karnataka,570018,12.3588,76.58454,,+91 821 2410000,info.s-34600@mysureschools.in,
201,S-34601,Mest Pre School-Mysuru,OTHER,English,PLAY SCHOOL,"Mest Pre School-Mysuru, Vijayanagar, Mysuru - 570018",Vijayanagar,Vijayanagar,Mysuru,Karnataka,570018,12.3405,76.61094,,953833662,info.s-34601@mysureschools.in,
202,S-53121,Bharati School Of Excellence-Mysuru,STATE BOARD,English,PRIMARY,"Bharati School Of Excellence-Mysuru, Mandya, Mysuru - 571422",Mandya,Mandya,Mysuru,Karnataka,571422,12.52004,76.89786,,+91 821 2410000,info.s-53121@mysureschools.in,
203,S-74696,Gnana Ganga School,STATE BOARD,English,PRIMARY,"Gnana Ganga School, Mysuru, Mysuru - 570022",Mysuru,Mysuru,Mysuru,Karnataka,570022,12.306,76.6167,,8899001166,info.s-74696@mysureschools.in,
204,S-74700,Gokula School,STATE BOARD,English,PRIMARY,"Gokula School, Kuvempunagar, Mysuru - 570023",Kuvempunagar,Kuvempunagar,Mysuru,Karnataka,570023,12.28252,76.6243,,8904117215,info.s-74700@mysureschools.in,
205,S-74703,Bgs Public School,CBSE,English,PRIMARY,"Bgs Public School, Kuvempunagar, Mysuru - 570023",Kuvempunagar,Kuvempunagar,Mysuru,Karnataka,570023,12.28236,76.62942,,953817715,info.s-74703@mysureschools.in,
206,S-74705,Ckc Convent,STATE BOARD,English,PRIMARY,"Ckc Convent, Mysuru, Mysuru - 570004",Mysuru,Mysuru,Mysuru,Karnataka,570004,12.3019,76.6137,,9980651189,info.s-74705@mysureschools.in,
207,S-74730,Mahajan Public School,CBSE,English,PRIMARY,"Mahajan Public School, Jayalakshmipuram, Mysuru - 570012",Jayalakshmipuram,Jayalakshmipuram,Mysuru,Karnataka,570012,12.31988,76.63426,,+91 821 2410000,info.s-74730@mysureschools.in,
208,S-74731,Sri Sathya Sai Baba School,STATE BOARD,English,PRIMARY,"Sri Sathya Sai Baba School, Jayalakshmipuram, Mysuru - 570012",Jayalakshmipuram,Jayalakshmipuram,Mysuru,Karnataka,570012,12.31828,76.63266,,0821,info.s-74731@mysureschools.in,
209,S-74732,Nirmala Public School,CBSE,English,PRIMARY,"Nirmala Public School, Gokulam, Mysuru - 570002",Gokulam,Gokulam,Mysuru,Karnataka,570002,12.32914,76.63556,,0821,info.s-74732@mysureschools.in,
210,S-74851,Maharshi Public School,CBSE,English,PRIMARY,"Maharshi Public School, J P Nagar, Mysuru - 570031",J P Nagar,J P Nagar,Mysuru,Karnataka,570031,12.26866,76.65138,,+91 821 2410000,info.s-74851@mysureschools.in,
211,S-74915,Ramakrishna Vidya Kendra,STATE BOARD,English,PRIMARY,"Ramakrishna Vidya Kendra, Ramakrishna Nagar, Mysuru - 570022",Ramakrishna Nagar,Ramakrishna Nagar,Mysuru,Karnataka,570022,12.29058,76.6225,,944816750,info.s-74915@mysureschools.in,
212,S-74945,Nataraja Public School,CBSE,English,PRIMARY,"Nataraja Public School, Mysuru, Mysuru - 570004",Mysuru,Mysuru,Mysuru,Karnataka,570004,12.3016,76.615,,9741163890,info.s-74945@mysureschools.in,
213,S-74947,Nataraja State School,STATE BOARD,English,PRIMARY,"Nataraja State School, Mysuru, Mysuru - 570004",Mysuru,Mysuru,Mysuru,Karnataka,570004,12.2995,76.622,,+91 821 2410000,info.s-74947@mysureschools.in,
214,S-74992,Mahaveer School Srirampura,STATE BOARD,English,PRIMARY,"Mahaveer School Srirampura, Srirampura, Mysuru - 570008",Srirampura,Srirampura,Mysuru,Karnataka,570008,12.2725,76.62404,,948229623,info.s-74992@mysureschools.in,
215,S-75024,Bharatiya Vidya Bhavan School Vijayanagar,STATE BOARD,English,PRIMARY,"Bharatiya Vidya Bhavan School Vijayanagar, Vijayanagar, Mysuru - 570017",Vijayanagar,Vijayanagar,Mysuru,Karnataka,570017,12.33986,76.60478,,0821,info.s-75024@mysureschools.in,
216,S-75118,St Joseph School H D Kote,STATE BOARD,English,PRIMARY,"St Joseph School H D Kote, Mysuru, Mysuru - 571114",Mysuru,Mysuru,Mysuru,Karnataka,571114,12.3057,76.6169,,0821,info.s-75118@mysureschools.in,
217,S-75137,Adhichunchanagiri School H D Kote,STATE BOARD,English,PRIMARY,"Adhichunchanagiri School H D Kote, Mysuru, Mysuru - 571114",Mysuru,Mysuru,Mysuru,Karnataka,571114,12.3063,76.6142,,0821,info.s-75137@mysureschools.in,
218,S-75171,Mmk Public School,STATE BOARD,English,PRIMARY,"Mmk Public School, Mysuru, Mysuru - 571121",Mysuru,Mysuru,Mysuru,Karnataka,571121,12.3007,76.6215,,+91 821 2410000,info.s-75171@mysureschools.in,
219,S-75173,Pragathi Educational Institutions,STATE BOARD,English,PRIMARY,"Pragathi Educational Institutions, Sargur, Mysuru - 571121",Sargur,Sargur,Mysuru,Karnataka,571121,12.3001,76.6171,,998088884,info.s-75173@mysureschools.in,
220,S-75174,Lions School Sargur,STATE BOARD,English,PRIMARY,"Lions School Sargur, Sargur, Mysuru - 571121",Sargur,Sargur,Mysuru,Karnataka,571121,12.2986,76.6201,,990241800,info.s-75174@mysureschools.in,
221,S-75271,Marimallappa,STATE BOARD,English,PRIMARY,"Marimallappa, Vijayanagar, Mysuru - 570032",Vijayanagar,Vijayanagar,Mysuru,Karnataka,570032,12.33898,76.60902,,+91 821 2410000,info.s-75271@mysureschools.in,
222,S-75285,K P Convent,STATE BOARD,English,PRIMARY,"K P Convent, Mysuru, Mysuru - 570002",Mysuru,Mysuru,Mysuru,Karnataka,570002,12.3006,76.615,,953803244,info.s-75285@mysureschools.in,
223,S-75329,Visha Prajna School,STATE BOARD,English,PRIMARY,"Visha Prajna School, Dattagalli, Mysuru - 570022",Dattagalli,Dattagalli,Mysuru,Karnataka,570022,12.28262,76.6042,,903536135,info.s-75329@mysureschools.in,
224,S-75434,Akshara Pathsala,STATE BOARD,English,PRIMARY,"Akshara Pathsala, Hebbal, Mysuru - 570017",Hebbal,Hebbal,Mysuru,Karnataka,570017,12.36462,76.6112,,984582343,info.s-75434@mysureschools.in,
225,S-75441,Pragathi Vidya Kendra Bogadhi,STATE BOARD,English,PRIMARY,"Pragathi Vidya Kendra Bogadhi, Mysuru, Mysuru - 570026",Mysuru,Mysuru,Mysuru,Karnataka,570026,12.3001,76.6137,,990051354,info.s-75441@mysureschools.in,
226,S-75571,Vidya Varidhi School Bilikere,STATE BOARD,English,PRIMARY,"Vidya Varidhi School Bilikere, Mysuru, Mysuru - 571103",Mysuru,Mysuru,Mysuru,Karnataka,571103,12.2976,76.6156,,984410889,info.s-75571@mysureschools.in,
227,S-75575,New Cambridge School Hunsur,STATE BOARD,English,PRIMARY,"New Cambridge School Hunsur, Hunsur, Mysuru - 571105",Hunsur,Hunsur,Mysuru,Karnataka,571105,12.3086,76.29226,,+91 821 2410000,info.s-75575@mysureschools.in,
228,S-75604,Bgs School Hunsur,STATE BOARD,English,PRIMARY,"Bgs School Hunsur, Hunsur, Mysuru - 571105",Hunsur,Hunsur,Mysuru,Karnataka,571105,12.30868,76.28986,,907139509,info.s-75604@mysureschools.in,
229,S-75610,Christ School Hunsur,ICSE,English,PRIMARY,"Christ School Hunsur, Hunsur, Mysuru - 571105",Hunsur,Hunsur,Mysuru,Karnataka,571105,12.31188,76.2909,,944806974,info.s-75610@mysureschools.in,
230,S-75699,Sri Adhichunchanagiri Balajagath School Gungralachatra,STATE BOARD,English,PRIMARY,"Sri Adhichunchanagiri Balajagath School Gungralachatra, Mysuru, Mysuru - 571130",Mysuru,Mysuru,Mysuru,Karnataka,571130,12.3027,76.6192,,+91 821 2410000,info.s-75699@mysureschools.in,
231,S-75722,Sn Public School K R Nagar,STATE BOARD,English,PRIMARY,"Sn Public School K R Nagar, K R Nagar, Mysuru - 571602",K R Nagar,K R Nagar,Mysuru,Karnataka,571602,12.2971,76.6199,,948197138,info.s-75722@mysureschools.in,
232,S-75752,Lions School K R Nagar,STATE BOARD,English,PRIMARY,"Lions School K R Nagar, K R Nagar, Mysuru - 571602",K R Nagar,K R Nagar,Mysuru,Karnataka,571602,12.3029,76.615,,916479825,info.s-75752@mysureschools.in,
233,S-75753,Sy Joseph Convent K Nagar,STATE BOARD,English,PRIMARY,"Sy Joseph Convent K Nagar, K R Nagar, Mysuru - 571602",K R Nagar,K R Nagar,Mysuru,Karnataka,571602,12.3019,76.6156,,0821,info.s-75753@mysureschools.in,
234,S-75771,Kanaka Public School K R Nagar,STATE BOARD,English,PRIMARY,"Kanaka Public School K R Nagar, K R Nagar, Mysuru - 571602",K R Nagar,K R Nagar,Mysuru,Karnataka,571602,12.305,76.6219,,+91 821 2410000,info.s-75771@mysureschools.in,
235,S-75786,Bs Madappa Vidya Samsthe,STATE BOARD,English,PRIMARY,"Bs Madappa Vidya Samsthe, K R Nagar, Mysuru - 571602",K R Nagar,K R Nagar,Mysuru,Karnataka,571602,12.2984,76.6204,,0821,info.s-75786@mysureschools.in,
236,S-75809,St Anthonys School K R Nagar,STATE BOARD,English,PRIMARY,"St Anthonys School K R Nagar, K R Nagar, Mysuru - 571602",K R Nagar,K R Nagar,Mysuru,Karnataka,571602,12.3061,76.6128,,0821,info.s-75809@mysureschools.in,
237,S-75924,St Annes Public School,STATE BOARD,English,PRIMARY,"St Annes Public School, Mandya, Mysuru - 571606",Mandya,Mandya,Mysuru,Karnataka,571606,12.52012,76.89594,,903619517,info.s-75924@mysureschools.in,
238,S-75936,Suprabhatha School Srp,STATE BOARD,English,PRIMARY,"Suprabhatha School Srp, Mandya, Mysuru - 571438",Mandya,Mandya,Mysuru,Karnataka,571438,12.52308,76.89906,,903619517,info.s-75936@mysureschools.in,
239,S-75973,Sri Chaitanya Techno School Mandya,CBSE,English,PRIMARY,"Sri Chaitanya Techno School Mandya, Mandya, Mysuru - 571404",Mandya,Mandya,Mysuru,Karnataka,571404,12.52132,76.8973,,0821,info.s-75973@mysureschools.in,
240,S-76007,Cambridge School K M Doddi,STATE BOARD,English,PRIMARY,"Cambridge School K M Doddi, Mandya, Mysuru - 571422",Mandya,Mandya,Mysuru,Karnataka,571422,12.52564,76.9001,,+91 821 2410000,info.s-76007@mysureschools.in,
241,S-76024,Bgs Public School Mysore,CBSE,English,PRIMARY,"Bgs Public School Mysore, Mysuru, Mysuru - 570022",Mysuru,Mysuru,Mysuru,Karnataka,570022,12.3011,76.6182,,+91 821 2410000,info.s-76024@mysureschools.in,
242,S-76259,Shri Sharada Public School,CBSE,English,PRIMARY,"Shri Sharada Public School, Dattagalli, Mysuru - 570033",Dattagalli,Dattagalli,Mysuru,Karnataka,570033,12.28462,76.60644,,990050852,info.s-76259@mysureschools.in,
243,S-76443,Cauvery School,CBSE,English,PRIMARY,"Cauvery School, Mysuru, Mysuru - 570022",Mysuru,Mysuru,Mysuru,Karnataka,570022,12.3049,76.6163,,998026541,info.s-76443@mysureschools.in,
244,S-76584,Vishwamanava Vidyanikethana,STATE BOARD,English,PRIMARY,"Vishwamanava Vidyanikethana, Ramakrishna Nagar, Mysuru - 570022",Ramakrishna Nagar,Ramakrishna Nagar,Mysuru,Karnataka,570022,12.29402,76.61834,,994589101,info.s-76584@mysureschools.in,
245,S-76586,Bgs School Gadige,STATE BOARD,English,PRIMARY,"Bgs School Gadige, Mysuru, Mysuru - 571189",Mysuru,Mysuru,Mysuru,Karnataka,571189,12.2994,76.6129,,0821,info.s-76586@mysureschools.in,
246,S-76615,Taralabalu School,STATE BOARD,English,PRIMARY,"Taralabalu School, Mysuru, Mysuru - 570022",Mysuru,Mysuru,Mysuru,Karnataka,570022,12.2992,76.6215,,+91 821 2410000,info.s-76615@mysureschools.in,
247,S-76693,Shanthi High School Kutvadi,STATE BOARD,English,PRIMARY,"Shanthi High School Kutvadi, Mysuru, Mysuru - 571189",Mysuru,Mysuru,Mysuru,Karnataka,571189,12.3013,76.6176,,0821,info.s-76693@mysureschools.in,
248,S-76709,Crista Krupa School Ratnapuri,STATE BOARD,English,PRIMARY,"Crista Krupa School Ratnapuri, Mysuru, Mysuru - 571189",Mysuru,Mysuru,Mysuru,Karnataka,571189,12.2999,76.6203,,0821,info.s-76709@mysureschools.in,
249,S-76797,Bkt Public School,STATE BOARD,English,PRIMARY,"Bkt Public School, Mysuru, Mysuru - 571311",Mysuru,Mysuru,Mysuru,Karnataka,571311,12.20442,76.67056,,0821,info.s-76797@mysureschools.in,
250,S-76798,Shree Neelakanteshwara School,STATE BOARD,English,PRIMARY,"Shree Neelakanteshwara School, Nanjangud, Mysuru - 571301",Nanjangud,Nanjangud,Mysuru,Karnataka,571301,12.11932,76.68542,,+91 821 2410000,info.s-76798@mysureschools.in,
251,S-76847,Unity School Nanjangud,STATE BOARD,English,PRIMARY,"Unity School Nanjangud, Nanjangud, Mysuru - 571301",Nanjangud,Nanjangud,Mysuru,Karnataka,571301,12.1202,76.68286,,+91 821 2410000,info.s-76847@mysureschools.in,
252,S-76880,Samudra,STATE BOARD,English,PRIMARY,"Samudra, Nanjangud, Mysuru - 571129",Nanjangud,Nanjangud,Mysuru,Karnataka,571129,12.11828,76.68494,,0821,info.s-76880@mysureschools.in,
253,S-76920,Archaya Gurukula School Kalale,STATE BOARD,English,PRIMARY,"Archaya Gurukula School Kalale, Mysuru, Mysuru - 571118",Mysuru,Mysuru,Mysuru,Karnataka,571118,12.2998,76.6225,,+91 821 2410000,info.s-76920@mysureschools.in,
254,S-77011,Sri Adichunchanagiri Central School,CBSE,English,PRIMARY,"Sri Adichunchanagiri Central School, Kuvempunagar, Mysuru - 570023",Kuvempunagar,Kuvempunagar,Mysuru,Karnataka,570023,12.28652,76.62606,,+91 821 2410000,info.s-77011@mysureschools.in,
255,S-77094,Saint Philemeno Public School,CBSE,English,PRIMARY,"Saint Philemeno Public School, Mysuru, Mysuru - 570007",Mysuru,Mysuru,Mysuru,Karnataka,570007,12.3025,76.619,,0821,info.s-77094@mysureschools.in,
256,S-77193,Bm Madappa School K R Nagar,STATE BOARD,English,PRIMARY,"Bm Madappa School K R Nagar, K R Nagar, Mysuru - 570010",K R Nagar,K R Nagar,Mysuru,Karnataka,570010,12.3052,76.6128,,+91 821 2410000,info.s-77193@mysureschools.in,
257,S-80185,Sharada Vilas School,STATE BOARD,English,PRIMARY,"Sharada Vilas School, Mysuru, Mysuru - 570022",Mysuru,Mysuru,Mysuru,Karnataka,570022,12.2996,76.6226,,0821,info.s-80185@mysureschools.in,
258,S-80189,Rotary West School Dattagalli,STATE BOARD,English,PRIMARY,"Rotary West School Dattagalli, Dattagalli, Mysuru - 570022",Dattagalli,Dattagalli,Mysuru,Karnataka,570022,12.2795,76.60516,,0821,info.s-80189@mysureschools.in,
259,S-80219,Jagadhama School,STATE BOARD,English,PRIMARY,"Jagadhama School, Mysuru, Mysuru - 570004",Mysuru,Mysuru,Mysuru,Karnataka,570004,12.3003,76.615,,900885104,info.s-80219@mysureschools.in,
260,S-80220,Avila Convent,STATE BOARD,English,PRIMARY,"Avila Convent, Chamarajapuram, Mysuru - 570004",Chamarajapuram,Chamarajapuram,Mysuru,Karnataka,570004,12.30006,76.64426,,0821,info.s-80220@mysureschools.in,
261,S-80310,St Paul Mission High School Hampapura,STATE BOARD,English,PRIMARY,"St Paul Mission High School Hampapura, Hampapura, Mysuru - 571125",Hampapura,Hampapura,Mysuru,Karnataka,571125,12.14636,76.43436,,0821,info.s-80310@mysureschools.in,
262,S-112609,Sandal Rose Convent,STATE BOARD,English,PRIMARY,"Sandal Rose Convent, Salundi, Mysuru - 570022",Salundi,Salundi,Mysuru,Karnataka,570022,12.2379,76.61032,,0821,info.s-112609@mysureschools.in,
263,S-112695,St Marys School H D Kote,STATE BOARD,English,PRIMARY,"St Marys School H D Kote, Mysuru, Mysuru - 571114",Mysuru,Mysuru,Mysuru,Karnataka,571114,12.3059,76.6141,,0821,info.s-112695@mysureschools.in,
264,S-113447,Ace Priyadarshini School,STATE BOARD,English,PRIMARY,"Ace Priyadarshini School, Hebbal, Mysuru - 570022",Hebbal,Hebbal,Mysuru,Karnataka,570022,12.3595,76.61304,,+91 821 2410000,info.s-113447@mysureschools.in,
265,S-113475,Vidyavahini School Hebbal,STATE BOARD,English,PRIMARY,"Vidyavahini School Hebbal, Hebbal, Mysuru - 570022",Hebbal,Hebbal,Mysuru,Karnataka,570022,12.3603,76.61488,,0821,info.s-113475@mysureschools.in,
266,S-113523,Sudarshan School,STATE BOARD,English,PRIMARY,"Sudarshan School, Hootagalli, Mysuru - 570022",Hootagalli,Hootagalli,Mysuru,Karnataka,570022,12.35744,76.58174,,0821,info.s-113523@mysureschools.in,
267,S-113537,Siri Vidyalaya,STATE BOARD,English,PRIMARY,"Siri Vidyalaya, Mysuru, Mysuru - 570022",Mysuru,Mysuru,Mysuru,Karnataka,570022,12.3049,76.6217,,0821,info.s-113537@mysureschools.in,
268,S-113546,Ramakrishna Vidya Kula Hottagalli,STATE BOARD,English,PRIMARY,"Ramakrishna Vidya Kula Hottagalli, Mysuru, Mysuru - 570022",Mysuru,Mysuru,Mysuru,Karnataka,570022,12.3062,76.6206,,0821,info.s-113546@mysureschools.in,
269,S-113747,Adhichunchanagiri School Bannur,STATE BOARD,English,PRIMARY,"Adhichunchanagiri School Bannur, Bannur, Mysuru - 570022",Bannur,Bannur,Mysuru,Karnataka,570022,12.32744,76.86602,,0821,info.s-113747@mysureschools.in,
270,S-113769,Divya Jyothi School,STATE BOARD,English,PRIMARY,"Divya Jyothi School, Mysuru, Mysuru - 570022",Mysuru,Mysuru,Mysuru,Karnataka,570022,12.3023,76.6213,,0821,info.s-113769@mysureschools.in,
271,S-113842,Jnana Ganga School Kirugavalu,STATE BOARD,English,PRIMARY,"Jnana Ganga School Kirugavalu, Mysuru, Mysuru - 570022",Mysuru,Mysuru,Mysuru,Karnataka,570022,12.2997,76.6132,,0821,info.s-113842@mysureschools.in,
272,S-113864,Arya Bhata International School K M Doddi,CBSE,English,PRIMARY,"Arya Bhata International School K M Doddi, Mandya, Mysuru - 571422",Mandya,Mandya,Mysuru,Karnataka,571422,12.52524,76.89562,,0821,info.s-113864@mysureschools.in,
273,S-113908,Gnana Mudra School K M Doddi,ICSE,English,PRIMARY,"Gnana Mudra School K M Doddi, Mandya, Mysuru - 571422",Mandya,Mandya,Mysuru,Karnataka,571422,12.51828,76.89674,,0821,info.s-113908@mysureschools.in,
274,S-116389,Bgs Public School Hunsur,STATE BOARD,English,PRIMARY,"Bgs Public School Hunsur, Hunsur, Mysuru - 570022",Hunsur,Hunsur,Mysuru,Karnataka,570022,12.31052,76.29514,,0821,info.s-116389@mysureschools.in,
275,S-116461,Holy Family Public School Hunsur,CBSE,English,PRIMARY,"Holy Family Public School Hunsur, Hunsur, Mysuru - 570022",Hunsur,Hunsur,Mysuru,Karnataka,570022,12.3094,76.29562,,0821,info.s-116461@mysureschools.in,
276,S-116489,St Josephs Cbse School Hunsur,CBSE,English,PRIMARY,"St Josephs Cbse School Hunsur, Hunsur, Mysuru - 570022",Hunsur,Hunsur,Mysuru,Karnataka,570022,12.30964,76.29362,,0821,info.s-116489@mysureschools.in,
277,S-116525,Vanitha Sadana School,STATE BOARD,English,PRIMARY,"Vanitha Sadana School, Mysuru, Mysuru - 570022",Mysuru,Mysuru,Mysuru,Karnataka,570022,12.299,76.6227,,0821,info.s-116525@mysureschools.in,
278,S-116705,Kalabharathi Vidya Samsthe Yelawala,STATE BOARD,English,PRIMARY,"Kalabharathi Vidya Samsthe Yelawala, Mysuru, Mysuru - 570022",Mysuru,Mysuru,Mysuru,Karnataka,570022,12.3029,76.6164,,0821,info.s-116705@mysureschools.in,
279,S-116932,St Thomas Cbse School,CBSE,English,PRIMARY,"St Thomas Cbse School, Vidyaranyapuram, Mysuru - 570011",Vidyaranyapuram,Vidyaranyapuram,Mysuru,Karnataka,570011,12.28104,76.65168,,0821,info.s-116932@mysureschools.in,
280,S-116933,D G T M,STATE BOARD,English,PRIMARY,"D G T M, Vidyaranyapuram, Mysuru - 570022",Vidyaranyapuram,Vidyaranyapuram,Mysuru,Karnataka,570022,12.28448,76.64848,,0821,info.s-116933@mysureschools.in,
281,S-116987,Bss Balodaya School,CBSE,English,PRIMARY,"Bss Balodaya School, Mysuru, Mysuru - 570022",Mysuru,Mysuru,Mysuru,Karnataka,570022,12.2989,76.6168,,0821,info.s-116987@mysureschools.in,
282,S-117034,Rotary Mysore School,STATE BOARD,English,PRIMARY,"Rotary Mysore School, Dattagalli, Mysuru - 570022",Dattagalli,Dattagalli,Mysuru,Karnataka,570022,12.28038,76.60372,,0821,info.s-117034@mysureschools.in,
283,S-117035,Future Foundation School,STATE BOARD,English,PRIMARY,"Future Foundation School, Mysuru, Mysuru - 570022",Mysuru,Mysuru,Mysuru,Karnataka,570022,12.3054,76.6192,,0821,info.s-117035@mysureschools.in,
284,S-118781,Rotary West School Saraswati Puram,STATE BOARD,English,PRIMARY,"Rotary West School Saraswati Puram, Saraswathipuram, Mysuru - 570022",Saraswathipuram,Saraswathipuram,Mysuru,Karnataka,570022,12.30382,76.63634,,0821,info.s-118781@mysureschools.in,
285,S-118782,Mahaveer School Brindavan,STATE BOARD,English,PRIMARY,"Mahaveer School Brindavan, Mysuru, Mysuru - 570022",Mysuru,Mysuru,Mysuru,Karnataka,570022,12.303,76.6158,,0821,info.s-118782@mysureschools.in,
286,S-118845,Mit Public School,STATE BOARD,English,PRIMARY,"Mit Public School, Belavadi, Mysuru - 570028",Belavadi,Belavadi,Mysuru,Karnataka,570028,12.3516,76.5817,,0821,info.s-118845@mysureschools.in,
287,S-118958,Om Shree Nikethana School,STATE BOARD,English,PRIMARY,"Om Shree Nikethana School, Mandya, Mysuru - 571438",Mandya,Mandya,Mysuru,Karnataka,571438,12.51924,76.89674,,0821,info.s-118958@mysureschools.in,
288,S-118963,Shree Cauvery School Srp,STATE BOARD,English,PRIMARY,"Shree Cauvery School Srp, Mandya, Mysuru - 571438",Mandya,Mandya,Mysuru,Karnataka,571438,12.52324,76.89402,,0821,info.s-118963@mysureschools.in,
289,S-118965,Shree Adhichunchanagiri School Spr,STATE BOARD,English,PRIMARY,"Shree Adhichunchanagiri School Spr, Mandya, Mysuru - 571477",Mandya,Mandya,Mysuru,Karnataka,571477,12.52452,76.89378,,0821,info.s-118965@mysureschools.in,
290,S-119030,Rotary School Bannur,STATE BOARD,English,PRIMARY,"Rotary School Bannur, Bannur, Mysuru - 571101",Bannur,Bannur,Mysuru,Karnataka,571101,12.332,76.86618,,0821,info.s-119030@mysureschools.in,
291,S-119031,Adarsha School Malavalli,STATE BOARD,English,PRIMARY,"Adarsha School Malavalli, Mandya, Mysuru - 571430",Mandya,Mandya,Mysuru,Karnataka,571430,12.51948,76.89866,,0821,info.s-119031@mysureschools.in,
292,S-119034,Rotary School Malavalli,STATE BOARD,English,PRIMARY,"Rotary School Malavalli, Mandya, Mysuru - 571430",Mandya,Mandya,Mysuru,Karnataka,571430,12.5234,76.89738,,0821,info.s-119034@mysureschools.in,
293,S-119231,Sneha Convent K M Doddi,STATE BOARD,English,PRIMARY,"Sneha Convent K M Doddi, Mandya, Mysuru - 571422",Mandya,Mandya,Mysuru,Karnataka,571422,12.52052,76.89386,,0821,info.s-119231@mysureschools.in,
294,S-121263,New Ide International Boarding School,STATE BOARD,English,PRIMARY,"New Ide International Boarding School, Mandya, Mysuru - 571422",Mandya,Mandya,Mysuru,Karnataka,571422,12.52132,76.89866,,0821,info.s-121263@mysureschools.in,
295,S-121264,New Life International Boarding School Malavalli,STATE BOARD,English,PRIMARY,"New Life International Boarding School Malavalli, Mandya, Mysuru - 571422",Mandya,Mandya,Mysuru,Karnataka,571422,12.52404,76.89962,,0821,info.s-121264@mysureschools.in,
296,S-121372,Gopalaswamy School,STATE BOARD,English,PRIMARY,"Gopalaswamy School, Mysuru, Mysuru - 570022",Mysuru,Mysuru,Mysuru,Karnataka,570022,12.3063,76.6219,,0821,info.s-121372@mysureschools.in,
297,S-121583,Sri Adhichunchanagiri School K R Pete,STATE BOARD,English,PRIMARY,"Sri Adhichunchanagiri School K R Pete, Mandya, Mysuru - 571426",Mandya,Mandya,Mysuru,Karnataka,571426,12.51836,76.89346,,0821,info.s-121583@mysureschools.in,
298,S-121584,Archaya Vidya Shala K R Pete,STATE BOARD,English,PRIMARY,"Archaya Vidya Shala K R Pete, Mandya, Mysuru - 571602",Mandya,Mandya,Mysuru,Karnataka,571602,12.52092,76.89706,,0821,info.s-121584@mysureschools.in,
299,S-121585,Sskc,STATE BOARD,English,PRIMARY,"Sskc, Mandya, Mysuru - 571602",Mandya,Mandya,Mysuru,Karnataka,571602,12.52436,76.89922,,0821,info.s-121585@mysureschools.in,
300,S-121586,Infant Jesus School K R Pete,STATE BOARD,English,PRIMARY,"Infant Jesus School K R Pete, Mysuru, Mysuru - 571602",Mysuru,Mysuru,Mysuru,Karnataka,571602,12.3046,76.6155,,0821,info.s-121586@mysureschools.in,
301,S-122141,Taraka Vidya Samsthe Handpost,STATE BOARD,English,PRIMARY,"Taraka Vidya Samsthe Handpost, Mysuru, Mysuru - 571114",Mysuru,Mysuru,Mysuru,Karnataka,571114,12.3062,76.6171,,0821,info.s-122141@mysureschools.in,
302,S-122227,Niranthara School Sargur,STATE BOARD,English,PRIMARY,"Niranthara School Sargur, Sargur, Mysuru - 571121",Sargur,Sargur,Mysuru,Karnataka,571121,12.3001,76.6138,,0821,info.s-122227@mysureschools.in,
303,S-122455,Gangotri Public School,STATE BOARD,English,PRIMARY,"Gangotri Public School, Mysuru, Mysuru - 570009",Mysuru,Mysuru,Mysuru,Karnataka,570009,12.3007,76.6184,,0821,info.s-122455@mysureschools.in,
304,S-122532,Sri Adichunchanagiri Higher Primary & High School Gungr,STATE BOARD,English,PRIMARY,"Sri Adichunchanagiri Higher Primary & High School Gungr, Mysuru, Mysuru - 571130",Mysuru,Mysuru,Mysuru,Karnataka,571130,12.3044,76.6161,,+91 821 2410000,info.s-122532@mysureschools.in,
305,S-122563,B S Madappa Smaraka Vidya Samsthe K R Nagar,STATE BOARD,English,PRIMARY,"B S Madappa Smaraka Vidya Samsthe K R Nagar, K R Nagar, Mysuru - 571422",K R Nagar,K R Nagar,Mysuru,Karnataka,571422,12.3013,76.6187,,0821,info.s-122563@mysureschools.in,
306,S-122575,Bale Vidya Samsthe K R Nagar,STATE BOARD,English,PRIMARY,"Bale Vidya Samsthe K R Nagar, K R Nagar, Mysuru - 571602",K R Nagar,K R Nagar,Mysuru,Karnataka,571602,12.2997,76.6224,,0821,info.s-122575@mysureschools.in,
307,S-122578,Sri Adichunchanagiri Balajagath K R Nagar,STATE BOARD,English,PRIMARY,"Sri Adichunchanagiri Balajagath K R Nagar, K R Nagar, Mysuru - 571602",K R Nagar,K R Nagar,Mysuru,Karnataka,571602,12.3036,76.6162,,0821,info.s-122578@mysureschools.in,
308,S-122868,Bgs Balajagath Hulikere,STATE BOARD,English,PRIMARY,"Bgs Balajagath Hulikere, Mandya, Mysuru - 571606",Mandya,Mandya,Mysuru,Karnataka,571606,12.52196,76.89882,,+91 821 2410000,info.s-122868@mysureschools.in,
309,S-122960,Pragathi,STATE BOARD,English,PRIMARY,"Pragathi, Mandya, Mysuru - 571426",Mandya,Mandya,Mysuru,Karnataka,571426,12.52364,76.89946,,0821,info.s-122960@mysureschools.in,
310,S-122962,Ashirvad,STATE BOARD,English,PRIMARY,"Ashirvad, Mandya, Mysuru - 571426",Mandya,Mandya,Mysuru,Karnataka,571426,12.52292,76.89666,,0821,info.s-122962@mysureschools.in,
311,S-122963,Shri Chaya Devi School K R Pete,STATE BOARD,English,PRIMARY,"Shri Chaya Devi School K R Pete, Mandya, Mysuru - 571426",Mandya,Mandya,Mysuru,Karnataka,571426,12.52012,76.8949,,0821,info.s-122963@mysureschools.in,
312,S-122975,Cambridge Public School K R Pete,STATE BOARD,English,PRIMARY,"Cambridge Public School K R Pete, Mandya, Mysuru - 571426",Mandya,Mandya,Mysuru,Karnataka,571426,12.52436,76.89634,,0821,info.s-122975@mysureschools.in,
313,S-123451,Shree Maddaneshwara Vidya Samsthe,STATE BOARD,English,PRIMARY,"Shree Maddaneshwara Vidya Samsthe, Gundlupet, Mysuru - 571111",Gundlupet,Gundlupet,Mysuru,Karnataka,571111,11.80834,76.69336,,0821,info.s-123451@mysureschools.in,
314,S-123453,St Johns School Gundlupete,STATE BOARD,English,PRIMARY,"St Johns School Gundlupete, Gundlupet, Mysuru - 571111",Gundlupet,Gundlupet,Mysuru,Karnataka,571111,11.8121,76.68824,,0821,info.s-123453@mysureschools.in,
315,S-123583,Shree Gurumaleshwara School,STATE BOARD,English,PRIMARY,"Shree Gurumaleshwara School, Nanjangud, Mysuru - 571301",Nanjangud,Nanjangud,Mysuru,Karnataka,571301,12.11892,76.6835,,0821,info.s-123583@mysureschools.in,
316,S-123739,Ideal Jawa School,STATE BOARD,English,PRIMARY,"Ideal Jawa School, Mysuru, Mysuru - 570022",Mysuru,Mysuru,Mysuru,Karnataka,570022,12.3062,76.6206,,0821,info.s-123739@mysureschools.in,
317,S-123740,Sadvidya School,STATE BOARD,English,PRIMARY,"Sadvidya School, Mysuru, Mysuru - 570022",Mysuru,Mysuru,Mysuru,Karnataka,570022,12.3028,76.6207,,0821,info.s-123740@mysureschools.in,
318,S-124033,Sunrise School Malavalli,STATE BOARD,English,PRIMARY,"Sunrise School Malavalli, Malavalli, Mysuru - 570022",Malavalli,Malavalli,Mysuru,Karnataka,570022,12.3883,77.05902,,0821,info.s-124033@mysureschools.in,
319,S-124064,Doreswamy Vidya Kula,STATE BOARD,English,PRIMARY,"Doreswamy Vidya Kula, Mysuru, Mysuru - 570022",Mysuru,Mysuru,Mysuru,Karnataka,570022,12.2975,76.6149,,0821,info.s-124064@mysureschools.in,
320,S-124330,Gssss School,STATE BOARD,English,PRIMARY,"Gssss School, Mysuru, Mysuru - 570001",Mysuru,Mysuru,Mysuru,Karnataka,570001,12.3028,76.6192,,0821,info.s-124330@mysureschools.in,
321,S-124332,Shashwatha Seva School,STATE BOARD,English,PRIMARY,"Shashwatha Seva School, Alanahalli, Mysuru - 570003",Alanahalli,Alanahalli,Mysuru,Karnataka,570003,12.29754,76.69638,,0821,info.s-124332@mysureschools.in,
322,S-124342,Jss School Ho,STATE BOARD,English,PRIMARY,"Jss School Ho, Mysuru, Mysuru - 570001",Mysuru,Mysuru,Mysuru,Karnataka,570001,12.3058,76.6194,,0821,info.s-124342@mysureschools.in,
323,S-124346,Sns School,STATE BOARD,English,PRIMARY,"Sns School, Alanahalli, Mysuru - 570022",Alanahalli,Alanahalli,Mysuru,Karnataka,570022,12.3005,76.70102,,0821,info.s-124346@mysureschools.in,
324,S-124349,Kodagu Model School,STATE BOARD,English,PRIMARY,"Kodagu Model School, Mysuru, Mysuru - 570022",Mysuru,Mysuru,Mysuru,Karnataka,570022,12.2991,76.6165,,0821,info.s-124349@mysureschools.in,
325,S-124792,Jss School Metagalli,STATE BOARD,English,PRIMARY,"Jss School Metagalli, Metagalli, Mysuru - 570022",Metagalli,Metagalli,Mysuru,Karnataka,570022,12.34978,76.61848,,0821,info.s-124792@mysureschools.in,
326,S-125028,Shree Gokulam International School,STATE BOARD,English,PRIMARY,"Shree Gokulam International School, Gokulam, Mysuru - 570023",Gokulam,Gokulam,Mysuru,Karnataka,570023,12.32874,76.63028,,0821,info.s-125028@mysureschools.in,
327,S-125029,Little Flower School Begur,STATE BOARD,English,PRIMARY,"Little Flower School Begur, Mysuru, Mysuru - 571109",Mysuru,Mysuru,Mysuru,Karnataka,571109,12.3065,76.6173,,0821,info.s-125029@mysureschools.in,
328,S-125030,Sri Maddaneshwara Public School Gundlupete,CBSE,English,PRIMARY,"Sri Maddaneshwara Public School Gundlupete, Gundlupet, Mysuru - 571109",Gundlupet,Gundlupet,Mysuru,Karnataka,571109,11.8061,76.69176,,0821,info.s-125030@mysureschools.in,
329,S-125355,Jss School Saraswathipuram,STATE BOARD,English,PRIMARY,"Jss School Saraswathipuram, Saraswathipuram, Mysuru - 570022",Saraswathipuram,Saraswathipuram,Mysuru,Karnataka,570022,12.30574,76.63314,,0821,info.s-125355@mysureschools.in,
330,S-125591,Deepa School,STATE BOARD,English,PRIMARY,"Deepa School, Mysuru, Mysuru - 570022",Mysuru,Mysuru,Mysuru,Karnataka,570022,12.29186,76.59764,,0821,info.s-125591@mysureschools.in,
331,S-125592,Sri Rama Vidya Kula Yelawala,STATE BOARD,English,PRIMARY,"Sri Rama Vidya Kula Yelawala, Mysuru, Mysuru - 570022",Mysuru,Mysuru,Mysuru,Karnataka,570022,12.3031,76.6196,,0821,info.s-125592@mysureschools.in,
332,S-125594,Shiksha School,STATE BOARD,English,PRIMARY,"Shiksha School, Mysuru, Mysuru - 570010",Mysuru,Mysuru,Mysuru,Karnataka,570010,12.3016,76.6173,,0821,info.s-125594@mysureschools.in,
333,S-125605,Vidyodaya School,STATE BOARD,English,PRIMARY,"Vidyodaya School, T Narasipura, Mysuru - 570010",T Narasipura,T Narasipura,Mysuru,Karnataka,570010,12.21114,76.90532,,0821,info.s-125605@mysureschools.in,
334,S-125610,Sri Adichunchangiri Balajagath High Primary School T Nar,STATE BOARD,English,PRIMARY,"Sri Adichunchangiri Balajagath High Primary School T Nar, T Narasipura, Mysuru - 571124",T Narasipura,T Narasipura,Mysuru,Karnataka,571124,12.2121,76.90452,,0821,info.s-125610@mysureschools.in,
335,S-125611,Little Flower Convent T Narasipura,STATE BOARD,English,PRIMARY,"Little Flower Convent T Narasipura, T Narasipura, Mysuru - 571124",T Narasipura,T Narasipura,Mysuru,Karnataka,571124,12.2109,76.90044,,0821,info.s-125611@mysureschools.in,
336,S-125825,Shree Venkateshwara,STATE BOARD,English,PRIMARY,"Shree Venkateshwara, Hassan, Mysuru - 573211",Hassan,Hassan,Mysuru,Karnataka,573211,13.00002,76.09712,,+91 821 2410000,info.s-125825@mysureschools.in,
337,S-125826,Green Wood,STATE BOARD,English,PRIMARY,"Green Wood, Hassan, Mysuru - 573211",Hassan,Hassan,Mysuru,Karnataka,573211,13.00698,76.09896,,0821,info.s-125826@mysureschools.in,
338,S-125828,Shankar Public School Holenarasipura,STATE BOARD,English,PRIMARY,"Shankar Public School Holenarasipura, Hassan, Mysuru - 573211",Hassan,Hassan,Mysuru,Karnataka,573211,13.00442,76.10408,,0821,info.s-125828@mysureschools.in,
339,S-125945,Jss School Doddakadanooru,STATE BOARD,English,PRIMARY,"Jss School Doddakadanooru, Hassan, Mysuru - 573211",Hassan,Hassan,Mysuru,Karnataka,573211,13.0033,76.1036,,0821,info.s-125945@mysureschools.in,
340,S-126065,Kna Public School Holenarsipura,STATE BOARD,English,PRIMARY,"Kna Public School Holenarsipura, Hassan, Mysuru - 573211",Hassan,Hassan,Mysuru,Karnataka,573211,13.0049,76.09736,,0821,info.s-126065@mysureschools.in,
341,S-126075,Manasa School Holenarasipura,STATE BOARD,English,PRIMARY,"Manasa School Holenarasipura, Hassan, Mysuru - 573211",Hassan,Hassan,Mysuru,Karnataka,573211,12.99946,76.0964,,0821,info.s-126075@mysureschools.in,
342,S-126382,Shree Swaminathan Gurukul International School,CBSE,English,PRIMARY,"Shree Swaminathan Gurukul International School, Mandya, Mysuru - 571606",Mandya,Mandya,Mysuru,Karnataka,571606,12.5214,76.89514,,0821,info.s-126382@mysureschools.in,
343,S-126387,Pragathi Sargar School Bannagadi,STATE BOARD,English,PRIMARY,"Pragathi Sargar School Bannagadi, Mandya, Mysuru - 571812",Mandya,Mandya,Mysuru,Karnataka,571812,12.52588,76.89986,,0821,info.s-126387@mysureschools.in,
344,S-126586,Santhome Public School Bannur,STATE BOARD,English,PRIMARY,"Santhome Public School Bannur, Bannur, Mysuru - 571101",Bannur,Bannur,Mysuru,Karnataka,571101,12.33512,76.86714,,0821,info.s-126586@mysureschools.in,
345,S-126589,Adarsha School Kirugavalu,STATE BOARD,English,PRIMARY,"Adarsha School Kirugavalu, Mandya, Mysuru - 571424",Mandya,Mandya,Mysuru,Karnataka,571424,12.52004,76.89834,,0821,info.s-126589@mysureschools.in,
346,S-126607,Bm Public School Malavalli,STATE BOARD,English,PRIMARY,"Bm Public School Malavalli, Mandya, Mysuru - 571430",Mandya,Mandya,Mysuru,Karnataka,571430,12.51916,76.89698,,0821,info.s-126607@mysureschools.in,
347,S-126609,Poorna Prajna School Kagepura,STATE BOARD,English,PRIMARY,"Poorna Prajna School Kagepura, Mandya, Mysuru - 571430",Mandya,Mandya,Mysuru,Karnataka,571430,12.5234,76.90106,,0821,info.s-126609@mysureschools.in,
348,S-126851,Rotary School Brindavan,STATE BOARD,English,PRIMARY,"Rotary School Brindavan, Mysuru, Mysuru - 570022",Mysuru,Mysuru,Mysuru,Karnataka,570022,12.2973,76.6198,,0821,info.s-126851@mysureschools.in,
349,S-127087,Bgs Public School Pandavapura,STATE BOARD,English,PRIMARY,"Bgs Public School Pandavapura, Mandya, Mysuru - 571434",Mandya,Mandya,Mysuru,Karnataka,571434,12.52276,76.90098,,+91 821 2410000,info.s-127087@mysureschools.in,
350,S-127089,Rotary School Pandavapura,STATE BOARD,English,PRIMARY,"Rotary School Pandavapura, Mandya, Mysuru - 571434",Mandya,Mandya,Mysuru,Karnataka,571434,12.52324,76.8989,,+91 821 2410000,info.s-127089@mysureschools.in,
351,S-127092,Vijaya School Pandavapura,STATE BOARD,English,PRIMARY,"Vijaya School Pandavapura, Mandya, Mysuru - 571434",Mandya,Mandya,Mysuru,Karnataka,571434,12.52444,76.8969,,+91 821 2410000,info.s-127092@mysureschools.in,
352,S-127093,Lkr,STATE BOARD,English,PRIMARY,"Lkr, Mandya, Mysuru - 571434",Mandya,Mandya,Mysuru,Karnataka,571434,12.52428,76.89426,,+91 821 2410000,info.s-127093@mysureschools.in,
353,S-127126,New Oxford Public School Spr,STATE BOARD,English,PRIMARY,"New Oxford Public School Spr, Mandya, Mysuru - 571477",Mandya,Mandya,Mysuru,Karnataka,571477,12.52068,76.89418,,+91 821 2410000,info.s-127126@mysureschools.in,
354,S-127357,St Thomas School Jaypura,STATE BOARD,English,PRIMARY,"St Thomas School Jaypura, Mandya, Mysuru - 571422",Mandya,Mandya,Mysuru,Karnataka,571422,12.52548,76.89962,,+91 821 2410000,info.s-127357@mysureschools.in,
355,S-127541,Rotary School Nanjangud,STATE BOARD,English,PRIMARY,"Rotary School Nanjangud, Nanjangud, Mysuru - 571422",Nanjangud,Nanjangud,Mysuru,Karnataka,571422,12.11804,76.68126,,+91 821 2410000,info.s-127541@mysureschools.in,
356,S-127655,Christ School Thandavapura,CBSE,English,PRIMARY,"Christ School Thandavapura, Mandya, Mysuru - 571422",Mandya,Mandya,Mysuru,Karnataka,571422,12.52132,76.90042,,+91 821 2410000,info.s-127655@mysureschools.in,
357,S-129339,Jss Public School Teacher Layout,CBSE,English,PRIMARY,"Jss Public School Teacher Layout, Mandya, Mysuru - 571422",Mandya,Mandya,Mysuru,Karnataka,571422,12.52476,76.89682,,+91 821 2410000,info.s-129339@mysureschools.in,
358,S-130748,Chethana Vidya Samsthe Alanahalli,STATE BOARD,English,PRIMARY,"Chethana Vidya Samsthe Alanahalli, Alanahalli, Mysuru - 570022",Alanahalli,Alanahalli,Mysuru,Karnataka,570022,12.29602,76.69934,,+91 821 2410000,info.s-130748@mysureschools.in,
359,S-131151,Fathima Primary School Kushalnagar,STATE BOARD,English,PRIMARY,"Fathima Primary School Kushalnagar, Kushalnagar, Mysuru - 571234",Kushalnagar,Kushalnagar,Mysuru,Karnataka,571234,12.4556,75.95858,,+91 821 2410000,info.s-131151@mysureschools.in,
360,S-131153,Vidya Vikasa School Periyapatna,STATE BOARD,English,PRIMARY,"Vidya Vikasa School Periyapatna, Periyapatna, Mysuru - 571107",Periyapatna,Periyapatna,Mysuru,Karnataka,571107,12.34542,76.09604,,+91 821 2410000,info.s-131153@mysureschools.in,
361,S-131281,St Michael S School Madikere,STATE BOARD,English,PRIMARY,"St Michael S School Madikere, Mysuru, Mysuru - 571201",Mysuru,Mysuru,Mysuru,Karnataka,571201,12.3038,76.617,,+91 821 2410000,info.s-131281@mysureschools.in,
362,S-131283,St Mary S School Suntikoppa,STATE BOARD,English,PRIMARY,"St Mary S School Suntikoppa, Mysuru, Mysuru - 571237",Mysuru,Mysuru,Mysuru,Karnataka,571237,12.3015,76.6213,,+91 821 2410000,info.s-131283@mysureschools.in,
363,S-131284,Aishwarya Public School Khushalnagar,STATE BOARD,English,PRIMARY,"Aishwarya Public School Khushalnagar, Kushalnagar, Mysuru - 571234",Kushalnagar,Kushalnagar,Mysuru,Karnataka,571234,12.4568,75.96106,,+91 821 2410000,info.s-131284@mysureschools.in,
364,S-131287,St Joseph Convent Madikere,STATE BOARD,English,PRIMARY,"St Joseph Convent Madikere, Mysuru, Mysuru - 561201",Mysuru,Mysuru,Mysuru,Karnataka,561201,12.3024,76.6161,,+91 821 2410000,info.s-131287@mysureschools.in,
365,S-131289,Bharath Matha School Koppa,STATE BOARD,English,PRIMARY,"Bharath Matha School Koppa, Periyapatna, Mysuru - 571104",Periyapatna,Periyapatna,Mysuru,Karnataka,571104,12.3427,76.10108,,+91 821 2410000,info.s-131289@mysureschools.in,
366,S-131489,Sgv School Hura,STATE BOARD,English,PRIMARY,"Sgv School Hura, Mysuru, Mysuru - 571315",Mysuru,Mysuru,Mysuru,Karnataka,571315,12.3053,76.6197,,+91 821 2410000,info.s-131489@mysureschools.in,
367,S-131491,Jss School Hullahalli,STATE BOARD,English,PRIMARY,"Jss School Hullahalli, Hullahalli, Mysuru - 571314",Hullahalli,Hullahalli,Mysuru,Karnataka,571314,12.049,76.5416,,+91 821 2410000,info.s-131491@mysureschools.in,
368,S-131512,Scholars Academy School Hullahalli,STATE BOARD,English,PRIMARY,"Scholars Academy School Hullahalli, Hullahalli, Mysuru - 571314",Hullahalli,Hullahalli,Mysuru,Karnataka,571314,12.04972,76.53936,,+91 821 2410000,info.s-131512@mysureschools.in,
369,S-131520,Gnana Sanjeevini School Hullahalli,STATE BOARD,English,PRIMARY,"Gnana Sanjeevini School Hullahalli, Hullahalli, Mysuru - 571314",Hullahalli,Hullahalli,Mysuru,Karnataka,571314,12.0498,76.54136,,+91 821 2410000,info.s-131520@mysureschools.in,
370,S-131541,Sadvidya School Mandya,STATE BOARD,English,PRIMARY,"Sadvidya School Mandya, Mandya, Mysuru - 571401",Mandya,Mandya,Mysuru,Karnataka,571401,12.52268,76.89882,,+91 821 2410000,info.s-131541@mysureschools.in,
371,S-131542,Maharshi Valmiki Central School Mandya,STATE BOARD,English,PRIMARY,"Maharshi Valmiki Central School Mandya, Mandya, Mysuru - 571401",Mandya,Mandya,Mysuru,Karnataka,571401,12.5234,76.89834,,+91 821 2410000,info.s-131542@mysureschools.in,
372,S-131589,Lalitha High School,STATE BOARD,English,PRIMARY,"Lalitha High School, Mysuru, Mysuru - 570020",Mysuru,Mysuru,Mysuru,Karnataka,570020,12.3021,76.6184,,+91 821 2410000,info.s-131589@mysureschools.in,
373,S-131590,Sunandha Academy School,STATE BOARD,English,PRIMARY,"Sunandha Academy School, Mysuru, Mysuru - 570020",Mysuru,Mysuru,Mysuru,Karnataka,570020,12.3047,76.6133,,+91 821 2410000,info.s-131590@mysureschools.in,
374,S-131608,Svei Cbse School,CBSE,English,PRIMARY,"Svei Cbse School, Mysuru, Mysuru - 570032",Mysuru,Mysuru,Mysuru,Karnataka,570032,12.3061,76.6217,,+91 821 2410000,info.s-131608@mysureschools.in,
375,S-131609,Marvel Public School,STATE BOARD,English,PRIMARY,"Marvel Public School, Mysuru, Mysuru - 570028",Mysuru,Mysuru,Mysuru,Karnataka,570028,12.3013,76.6139,,+91 821 2410000,info.s-131609@mysureschools.in,
376,S-131628,Acme School,STATE BOARD,English,PRIMARY,"Acme School, Mysuru, Mysuru - 570023",Mysuru,Mysuru,Mysuru,Karnataka,570023,12.3051,76.6227,,+91 821 2410000,info.s-131628@mysureschools.in,
377,S-131629,Sharada School Sd Nagar,STATE BOARD,English,PRIMARY,"Sharada School Sd Nagar, Mysuru, Mysuru - 570023",Mysuru,Mysuru,Mysuru,Karnataka,570023,12.3046,76.6215,,+91 821 2410000,info.s-131629@mysureschools.in,
378,S-131630,Nalanda,STATE BOARD,English,PRIMARY,"Nalanda, Vidyaranyapuram, Mysuru - 570008",Vidyaranyapuram,Vidyaranyapuram,Mysuru,Karnataka,570008,12.27784,76.6492,,+91 821 2410000,info.s-131630@mysureschools.in,
379,S-131631,Vani Vidya Mandir School,STATE BOARD,English,PRIMARY,"Vani Vidya Mandir School, Vidyaranyapuram, Mysuru - 570008",Vidyaranyapuram,Vidyaranyapuram,Mysuru,Karnataka,570008,12.27992,76.65304,,+91 821 2410000,info.s-131631@mysureschools.in,
380,S-131632,St Mary School Chamunipuram,STATE BOARD,English,PRIMARY,"St Mary School Chamunipuram, Mysuru, Mysuru - 570004",Mysuru,Mysuru,Mysuru,Karnataka,570004,12.2996,76.6188,,+91 821 2410000,info.s-131632@mysureschools.in,
381,S-133449,Manasa School Kollegala-Chamarajanagara,STATE BOARD,English,PRIMARY,"Manasa School Kollegala-Chamarajanagara, Kollegal, Mysuru - 571440",Kollegal,Kollegal,Mysuru,Karnataka,571440,11.92354,76.94498,,+91 821 2410000,info.s-133449@mysureschools.in,
382,S-133582,Tree Top Pre School Hassan,OTHER,English,PLAY SCHOOL,"Tree Top Pre School Hassan, Hassan, Mysuru - 573201",Hassan,Hassan,Mysuru,Karnataka,573201,13.00506,76.09872,,+91 821 2410000,info.s-133582@mysureschools.in,
383,S-133674,Royal,STATE BOARD,English,PRIMARY,"Royal, Mandya, Mysuru - 571423",Mandya,Mandya,Mysuru,Karnataka,571423,12.5186,76.8981,,+91 821 2410000,info.s-133674@mysureschools.in,
384,S-133704,Taralabalu School Arasikere,STATE BOARD,English,PRIMARY,"Taralabalu School Arasikere, Hassan, Mysuru - 573103",Hassan,Hassan,Mysuru,Karnataka,573103,12.99938,76.09792,,+91 821 2410000,info.s-133704@mysureschools.in,
385,S-133709,Kalpatharu School Halebeedu,STATE BOARD,English,PRIMARY,"Kalpatharu School Halebeedu, Hassan, Mysuru - 573121",Hassan,Hassan,Mysuru,Karnataka,573121,13.00194,76.09664,,+91 821 2410000,info.s-133709@mysureschools.in,
386,S-133758,Ananth International School Arasikere,ICSE,English,PRIMARY,"Ananth International School Arasikere, Hassan, Mysuru - 573103",Hassan,Hassan,Mysuru,Karnataka,573103,13.00034,76.10248,,+91 821 2410000,info.s-133758@mysureschools.in,
387,S-133760,Adhichunchanagiri,STATE BOARD,English,PRIMARY,"Adhichunchanagiri, Hassan, Mysuru - 570022",Hassan,Hassan,Mysuru,Karnataka,570022,13.00522,76.10136,,+91 821 2410000,info.s-133760@mysureschools.in,
388,S-134650,Vijaya Vitala Vidya Shale,STATE BOARD,English,PRIMARY,"Vijaya Vitala Vidya Shale, Saraswathipuram, Mysuru - 570022",Saraswathipuram,Saraswathipuram,Mysuru,Karnataka,570022,12.30782,76.63082,,+91 821 2410000,info.s-134650@mysureschools.in,
389,S-134753,Rainbow Kids World Malavalli,OTHER,English,PLAY SCHOOL,"Rainbow Kids World Malavalli, Mandya, Mysuru - 570022",Mandya,Mandya,Mysuru,Karnataka,570022,12.52372,76.90122,,+91 821 2410000,info.s-134753@mysureschools.in,
390,S-135019,Sri Rama Trust,STATE BOARD,English,PRIMARY,"Sri Rama Trust, Napoklu, Mysuru - 571214",Napoklu,Napoklu,Mysuru,Karnataka,571214,12.32224,75.70776,,959191148,info.s-135019@mysureschools.in,
391,S-135124,Sri Rajeshwari Vidyalaya Madikere,STATE BOARD,English,PRIMARY,"Sri Rajeshwari Vidyalaya Madikere, Mysuru, Mysuru - 571201",Mysuru,Mysuru,Mysuru,Karnataka,571201,12.3019,76.6206,,+91 821 2410000,info.s-135124@mysureschools.in,
392,S-135218,Sri Adhichunchanagiri Balajagath Periyapatana,STATE BOARD,English,PRIMARY,"Sri Adhichunchanagiri Balajagath Periyapatana, Mysuru, Mysuru - 571107",Mysuru,Mysuru,Mysuru,Karnataka,571107,12.3011,76.6204,,+91 821 2410000,info.s-135218@mysureschools.in,
393,S-135219,Vgein School Periyapatana,STATE BOARD,English,PRIMARY,"Vgein School Periyapatana, Mysuru, Mysuru - 571107",Mysuru,Mysuru,Mysuru,Karnataka,571107,12.2992,76.622,,959191148,info.s-135219@mysureschools.in,
394,S-135220,Yajman Public School Periyapatana,STATE BOARD,English,PRIMARY,"Yajman Public School Periyapatana, Mysuru, Mysuru - 571107",Mysuru,Mysuru,Mysuru,Karnataka,571107,12.3003,76.6216,,959191148,info.s-135220@mysureschools.in,
395,S-135222,Sri Guru Renuka Devi High School Periyapatana,STATE BOARD,English,PRIMARY,"Sri Guru Renuka Devi High School Periyapatana, Mysuru, Mysuru - 571107",Mysuru,Mysuru,Mysuru,Karnataka,571107,12.3011,76.6166,,959191148,info.s-135222@mysureschools.in,
396,S-135223,Dtmc School Bettadapura,STATE BOARD,English,PRIMARY,"Dtmc School Bettadapura, Bettadapura, Mysuru - 571102",Bettadapura,Bettadapura,Mysuru,Karnataka,571102,12.44968,76.04378,,959191148,info.s-135223@mysureschools.in,
397,S-135225,Sms School Bettadapura,STATE BOARD,English,PRIMARY,"Sms School Bettadapura, Bettadapura, Mysuru - 571102",Bettadapura,Bettadapura,Mysuru,Karnataka,571102,12.4504,76.0457,,959191148,info.s-135225@mysureschools.in,
398,S-135435,Divene Angels Pre School H D Kote,OTHER,English,PLAY SCHOOL,"Divene Angels Pre School H D Kote, Mysuru, Mysuru - 571114",Mysuru,Mysuru,Mysuru,Karnataka,571114,12.3038,76.6128,,966369844,info.s-135435@mysureschools.in,
399,S-135436,Jss School Sargur,STATE BOARD,English,PRIMARY,"Jss School Sargur, Sargur, Mysuru - 571121",Sargur,Sargur,Mysuru,Karnataka,571121,12.2998,76.6185,,959191148,info.s-135436@mysureschools.in,
400,S-135505,Mantru Mandali Vidya Samsthe,STATE BOARD,English,PRIMARY,"Mantru Mandali Vidya Samsthe, Mysuru, Mysuru - 570022",Mysuru,Mysuru,Mysuru,Karnataka,570022,12.2992,76.6206,,959191148,info.s-135505@mysureschools.in,
401,S-137024,Sri Adhichunchanagiri School Chinakurali,STATE BOARD,English,PRIMARY,"Sri Adhichunchanagiri School Chinakurali, Mandya, Mysuru - 571455",Mandya,Mandya,Mysuru,Karnataka,571455,12.51868,76.89394,,959191148,info.s-137024@mysureschools.in,
402,S-137103,Tree Top Pre School Mysore,OTHER,English,PLAY SCHOOL,"Tree Top Pre School Mysore, J P Nagar, Mysuru - 570031",J P Nagar,J P Nagar,Mysuru,Karnataka,570031,12.27042,76.65058,,900826676,info.s-137103@mysureschools.in,
403,S-137104,Om Shree Guru Anglo Vedic Literacy School,STATE BOARD,English,PRIMARY,"Om Shree Guru Anglo Vedic Literacy School, Mysuru, Mysuru - 570031",Mysuru,Mysuru,Mysuru,Karnataka,570031,12.301,76.6158,,959191148,info.s-137104@mysureschools.in,
404,S-137127,Sri Ranga Gurukula,OTHER,English,PLAY SCHOOL,"Sri Ranga Gurukula, J P Nagar, Mysuru - 570032",J P Nagar,J P Nagar,Mysuru,Karnataka,570032,12.2721,76.65026,,948038157,info.s-137127@mysureschools.in,
405,S-137141,Learners Global School,STATE BOARD,English,PRIMARY,"Learners Global School, Mysuru, Mysuru - 570029",Mysuru,Mysuru,Mysuru,Karnataka,570029,12.2991,76.6128,,991693320,info.s-137141@mysureschools.in,
406,S-139929,Nios Nest Pre School,OTHER,English,PLAY SCHOOL,"Nios Nest Pre School, Mysuru, Mysuru - 570022",Mysuru,Mysuru,Mysuru,Karnataka,570022,12.2988,76.6177,,959191148,info.s-139929@mysureschools.in,
407,S-139931,Marimallappa School,STATE BOARD,English,PRIMARY,"Marimallappa School, Mysuru, Mysuru - 570022",Mysuru,Mysuru,Mysuru,Karnataka,570022,12.3034,76.6221,,959191148,info.s-139931@mysureschools.in,
408,S-139991,Svadyaya Vidyalaya School,STATE BOARD,English,PRIMARY,"Svadyaya Vidyalaya School, Mysuru, Mysuru - 570022",Mysuru,Mysuru,Mysuru,Karnataka,570022,12.3065,76.6223,,959191148,info.s-139991@mysureschools.in,
409,S-140157,St Joseph School Chamarajanagara,STATE BOARD,English,PRIMARY,"St Joseph School Chamarajanagara, Mysuru, Mysuru - 571313",Mysuru,Mysuru,Mysuru,Karnataka,571313,11.9277,76.9449,,+91 821 2410000,info.s-140157@mysureschools.in,
410,S-140462,Kamalamma School Hediyala,STATE BOARD,English,PRIMARY,"Kamalamma School Hediyala, Mysuru, Mysuru - 571315",Mysuru,Mysuru,Mysuru,Karnataka,571315,12.2989,76.6175,,935316249,info.s-140462@mysureschools.in,
411,S-140777,Nobel School Terakanambi,STATE BOARD,English,PRIMARY,"Nobel School Terakanambi, Mysuru, Mysuru - 571123",Mysuru,Mysuru,Mysuru,Karnataka,571123,11.92474,76.94034,,959191148,info.s-140777@mysureschools.in,
412,S-141129,Vasavi Vidyanikethana,STATE BOARD,English,PRIMARY,"Vasavi Vidyanikethana, Mysuru, Mysuru - 570023",Mysuru,Mysuru,Mysuru,Karnataka,570023,12.3002,76.618,,959191148,info.s-141129@mysureschools.in,
413,S-141194,Mariya Nikethana School,STATE BOARD,English,PRIMARY,"Mariya Nikethana School, Mysuru, Mysuru - 570032",Mysuru,Mysuru,Mysuru,Karnataka,570032,12.3069,76.6157,,+91 821 2410000,info.s-141194@mysureschools.in,
414,S-141221,Dream Kids,OTHER,English,PLAY SCHOOL,"Dream Kids, Srirampura, Mysuru - 570034",Srirampura,Srirampura,Mysuru,Karnataka,570034,12.27082,76.62932,,990048854,info.s-141221@mysureschools.in,
415,S-141383,Seva Bharathi Nursery School Chamarjanagara,CBSE,English,PRIMARY,"Seva Bharathi Nursery School Chamarjanagara, Mysuru, Mysuru - 571313",Mysuru,Mysuru,Mysuru,Karnataka,571313,11.92554,76.94322,,959191148,info.s-141383@mysureschools.in,
416,S-141385,Emmanuel Christian Public School,STATE BOARD,English,PRIMARY,"Emmanuel Christian Public School, Mysuru, Mysuru - 571342",Mysuru,Mysuru,Mysuru,Karnataka,571342,11.92338,76.9445,,959191148,info.s-141385@mysureschools.in,
417,S-141631,Vidyashakthi Public School Nagamangala,STATE BOARD,English,PRIMARY,"Vidyashakthi Public School Nagamangala, Mandya, Mysuru - 571432",Mandya,Mandya,Mysuru,Karnataka,571432,12.52164,76.89402,,959191148,info.s-141631@mysureschools.in,
418,S-141633,Wisdom Public School Nagamangala,STATE BOARD,English,PRIMARY,"Wisdom Public School Nagamangala, Mandya, Mysuru - 571432",Mandya,Mandya,Mysuru,Karnataka,571432,12.52132,76.8973,,963296686,info.s-141633@mysureschools.in,
419,S-141634,Akshara Kids Nagamangala,OTHER,English,PLAY SCHOOL,"Akshara Kids Nagamangala, Mandya, Mysuru - 571432",Mandya,Mandya,Mysuru,Karnataka,571432,12.51916,76.89754,,959191148,info.s-141634@mysureschools.in,
420,S-141635,Swamy Vivekanand Public School Nagamangala,STATE BOARD,English,PRIMARY,"Swamy Vivekanand Public School Nagamangala, Mandya, Mysuru - 571432",Mandya,Mandya,Mysuru,Karnataka,571432,12.52332,76.90074,,959191148,info.s-141635@mysureschools.in,
421,S-141768,Lions School Nanjangud,STATE BOARD,English,PRIMARY,"Lions School Nanjangud, Nanjangud, Mysuru - 571301",Nanjangud,Nanjangud,Mysuru,Karnataka,571301,12.12204,76.68702,,959191148,info.s-141768@mysureschools.in,
422,S-142041,Nethaji School Ganjigere,STATE BOARD,English,PRIMARY,"Nethaji School Ganjigere, Mandya, Mysuru - 571812",Mandya,Mandya,Mysuru,Karnataka,571812,12.52404,76.89354,,959191148,info.s-142041@mysureschools.in,
423,S-142352,Bsm Public School K R Nagar,STATE BOARD,English,PRIMARY,"Bsm Public School K R Nagar, K R Nagar, Mysuru - 571602",K R Nagar,K R Nagar,Mysuru,Karnataka,571602,12.52028,76.90034,,996433198,info.s-142352@mysureschools.in,
424,S-142775,Bgs Balajagath School Srirampura,STATE BOARD,English,PRIMARY,"Bgs Balajagath School Srirampura, Srirampura, Mysuru - 570034",Srirampura,Srirampura,Mysuru,Karnataka,570034,12.27122,76.6258,,968649166,info.s-142775@mysureschools.in,
425,S-142776,Shri Bruhaspathyarya Vidya Samsthe,STATE BOARD,English,PRIMARY,"Shri Bruhaspathyarya Vidya Samsthe, Srirampura, Mysuru - 570034",Srirampura,Srirampura,Mysuru,Karnataka,570034,12.26906,76.62444,,948152007,info.s-142776@mysureschools.in,
426,S-142886,Chiguru Srujana Shaale,STATE BOARD,English,PRIMARY,"Chiguru Srujana Shaale, Mysuru, Mysuru - 571121",Mysuru,Mysuru,Mysuru,Karnataka,571121,12.2993,76.6181,,959191148,info.s-142886@mysureschools.in,
427,S-142887,Bhn Chaturmukha Global School,STATE BOARD,English,PRIMARY,"Bhn Chaturmukha Global School, Mysuru, Mysuru - 571121",Mysuru,Mysuru,Mysuru,Karnataka,571121,12.3052,76.615,,+91 821 2410000,info.s-142887@mysureschools.in,
428,S-142888,Gurukul School Bidagalu,STATE BOARD,English,PRIMARY,"Gurukul School Bidagalu, Mysuru, Mysuru - 571121",Mysuru,Mysuru,Mysuru,Karnataka,571121,12.3038,76.6173,,998037662,info.s-142888@mysureschools.in,
429,S-142890,Vishwa Bharathi School,STATE BOARD,English,PRIMARY,"Vishwa Bharathi School, Mysuru, Mysuru - 571114",Mysuru,Mysuru,Mysuru,Karnataka,571114,12.3012,76.6224,,7411055662,info.s-142890@mysureschools.in,
430,S-143163,Young Scholar School Gundlupet,STATE BOARD,English,PRIMARY,"Young Scholar School Gundlupet, Gundlupet, Mysuru - 571111",Gundlupet,Gundlupet,Mysuru,Karnataka,571111,11.8113,76.6892,,914822363,info.s-143163@mysureschools.in,
431,S-143199,Bharath Vikas School Nanjangud,STATE BOARD,English,PRIMARY,"Bharath Vikas School Nanjangud, Nanjangud, Mysuru - 571301",Nanjangud,Nanjangud,Mysuru,Karnataka,571301,12.12076,76.68118,,959191148,info.s-143199@mysureschools.in,
432,S-143362,Super Kidz Pre School,OTHER,English,PLAY SCHOOL,"Super Kidz Pre School, K R Nagar, Mysuru - 571602",K R Nagar,K R Nagar,Mysuru,Karnataka,571602,12.302,76.6169,,962061046,info.s-143362@mysureschools.in,
433,S-143368,Karunadu Jnanodaya Vidya Samsthe K R Nagar,STATE BOARD,English,PRIMARY,"Karunadu Jnanodaya Vidya Samsthe K R Nagar, K R Nagar, Mysuru - 571602",K R Nagar,K R Nagar,Mysuru,Karnataka,571602,12.43656,76.38094,,959191148,info.s-143368@mysureschools.in,
434,S-143470,Shree Ramakrishna Vidya Samsthe K R Nagar,STATE BOARD,English,PRIMARY,"Shree Ramakrishna Vidya Samsthe K R Nagar, K R Nagar, Mysuru - 571602",K R Nagar,K R Nagar,Mysuru,Karnataka,571602,12.3012,76.6225,,+91 821 2410000,info.s-143470@mysureschools.in,
435,S-143894,Bss Vidyodaya,CBSE,English,PRIMARY,"Bss Vidyodaya, Mysuru, Mysuru - 570004",Mysuru,Mysuru,Mysuru,Karnataka,570004,12.2996,76.6194,,990095036,info.s-143894@mysureschools.in,
436,S-144931,Wisdom School K R Nagar,CBSE,English,PRIMARY,"Wisdom School K R Nagar, K R Nagar, Mysuru - 570005",K R Nagar,K R Nagar,Mysuru,Karnataka,570005,12.3058,76.6169,,+91 821 2410000,info.s-144931@mysureschools.in,
437,S-145311,Arohana Central School,STATE BOARD,English,PRIMARY,"Arohana Central School, Mysuru, Mysuru - 571120",Mysuru,Mysuru,Mysuru,Karnataka,571120,12.2981,76.6132,,9591911489,info.s-145311@mysureschools.in,
438,S-145315,Vasavi School T Narsipura,STATE BOARD,English,PRIMARY,"Vasavi School T Narsipura, T Narasipura, Mysuru - 571124",T Narasipura,T Narasipura,Mysuru,Karnataka,571124,12.21634,76.90132,,+91 821 2410000,info.s-145315@mysureschools.in,
439,S-145492,Jeevodaya,STATE BOARD,English,PRIMARY,"Jeevodaya, Mandya, Mysuru - 571415",Mandya,Mandya,Mysuru,Karnataka,571415,12.51924,76.89938,,959191148,info.s-145492@mysureschools.in,
440,S-145493,Poornima School Arakere,STATE BOARD,English,PRIMARY,"Poornima School Arakere, Mandya, Mysuru - 571415",Mandya,Mandya,Mysuru,Karnataka,571415,12.51916,76.89362,,959191148,info.s-145493@mysureschools.in,
441,S-145494,Vidya Ganapathi School Kothathi,STATE BOARD,English,PRIMARY,"Vidya Ganapathi School Kothathi, Mandya, Mysuru - 571478",Mandya,Mandya,Mysuru,Karnataka,571478,12.52612,76.8977,,959191148,info.s-145494@mysureschools.in,
442,S-145498,Alpha Benaka Kids,OTHER,English,PLAY SCHOOL,"Alpha Benaka Kids, Mysuru, Mysuru - 570029",Mysuru,Mysuru,Mysuru,Karnataka,570029,12.3063,76.6137,,959191148,info.s-145498@mysureschools.in,
443,S-145501,Kids Care Pre School,OTHER,English,PLAY SCHOOL,"Kids Care Pre School, Mysuru, Mysuru - 570029",Mysuru,Mysuru,Mysuru,Karnataka,570029,12.3004,76.6162,,959191148,info.s-145501@mysureschools.in,
444,S-145854,Sharada Vidya Smasthe B Mategere,STATE BOARD,English,PRIMARY,"Sharada Vidya Smasthe B Mategere, Mysuru, Mysuru - 571121",Mysuru,Mysuru,Mysuru,Karnataka,571121,12.3006,76.619,,974205304,info.s-145854@mysureschools.in,
445,S-145917,Mrnv Vidya Samsthe Hunsur,STATE BOARD,English,PRIMARY,"Mrnv Vidya Samsthe Hunsur, Hunsur, Mysuru - 571105",Hunsur,Hunsur,Mysuru,Karnataka,571105,12.30956,76.29298,,959191148,info.s-145917@mysureschools.in,
446,S-145918,Andullam School Hunsur,STATE BOARD,English,PRIMARY,"Andullam School Hunsur, Hunsur, Mysuru - 571105",Hunsur,Hunsur,Mysuru,Karnataka,571105,12.305,76.29546,,959191148,info.s-145918@mysureschools.in,
447,S-145923,Brilliance School Hunsur,STATE BOARD,English,PRIMARY,"Brilliance School Hunsur, Hunsur, Mysuru - 571105",Hunsur,Hunsur,Mysuru,Karnataka,571105,12.31156,76.29466,,959191148,info.s-145923@mysureschools.in,
448,S-145924,Madhava Vidya Samthe Hunsur,STATE BOARD,English,PRIMARY,"Madhava Vidya Samthe Hunsur, Hunsur, Mysuru - 571105",Hunsur,Hunsur,Mysuru,Karnataka,571105,12.31012,76.29066,,934222006,info.s-145924@mysureschools.in,
449,S-145925,Chayadeve School Hunsur,STATE BOARD,English,PRIMARY,"Chayadeve School Hunsur, Hunsur, Mysuru - 571105",Hunsur,Hunsur,Mysuru,Karnataka,571105,12.30844,76.28874,,959191148,info.s-145925@mysureschools.in,
450,S-145926,Rotary School Hunsur,STATE BOARD,English,PRIMARY,"Rotary School Hunsur, Hunsur, Mysuru - 571105",Hunsur,Hunsur,Mysuru,Karnataka,571105,12.30884,76.29242,,959191148,info.s-145926@mysureschools.in,
451,S-146448,Gurujana Vidalaya,STATE BOARD,English,PRIMARY,"Gurujana Vidalaya, Mandya, Mysuru - 571401",Mandya,Mandya,Mysuru,Karnataka,571401,12.5222,76.89978,,996402203,info.s-146448@mysureschools.in,
452,S-146827,Cnm Public School Mahadevpura,STATE BOARD,English,PRIMARY,"Cnm Public School Mahadevpura, Mysuru, Mysuru - 570034",Mysuru,Mysuru,Mysuru,Karnataka,570034,12.2999,76.6209,,959191148,info.s-146827@mysureschools.in,
453,S-147815,Poorna Prajna Vidya Kendra,STATE BOARD,English,PRIMARY,"Poorna Prajna Vidya Kendra, Mysuru, Mysuru - 570022",Mysuru,Mysuru,Mysuru,Karnataka,570022,12.2992,76.62,,959191148,info.s-147815@mysureschools.in,
454,S-148140,Sai Gurukula Pre School Hebbal,OTHER,English,PLAY SCHOOL,"Sai Gurukula Pre School Hebbal, Hebbal, Mysuru - 570017",Hebbal,Hebbal,Mysuru,Karnataka,570017,12.36366,76.61488,,+91 821 2410000,info.s-148140@mysureschools.in,
455,S-148141,Subhodaya School Kuvrmpunagar,STATE BOARD,English,PRIMARY,"Subhodaya School Kuvrmpunagar, Mysuru, Mysuru - 570023",Mysuru,Mysuru,Mysuru,Karnataka,570023,12.3013,76.6212,,959191148,info.s-148141@mysureschools.in,
456,S-148142,Jyothi School,STATE BOARD,English,PRIMARY,"Jyothi School, Mysuru, Mysuru - 570023",Mysuru,Mysuru,Mysuru,Karnataka,570023,12.3011,76.6139,,984519228,info.s-148142@mysureschools.in,
457,S-148249,Sri Aravinda,STATE BOARD,English,PRIMARY,"Sri Aravinda, Hassan, Mysuru - 573201",Hassan,Hassan,Mysuru,Karnataka,573201,13.00658,76.10216,,+91 821 2410000,info.s-148249@mysureschools.in,
458,S-150035,All Nations Public School,STATE BOARD,English,PRIMARY,"All Nations Public School, Mysuru, Mysuru - 571125",Mysuru,Mysuru,Mysuru,Karnataka,571125,12.3024,76.6212,,959191148,info.s-150035@mysureschools.in,
459,S-152018,"Jss Public School, Siddhartha Layout,Mysuru",CBSE,English,PRIMARY,"Jss Public School, Siddhartha Layout,Mysuru, Mysuru, Mysuru - 570011",Mysuru,Mysuru,Mysuru,Karnataka,570011,12.306,76.6207,,+91 821 2410000,jsspssnagar@gmail.com,
460,S-155271,Floriana School T Narasipura,STATE BOARD,English,PRIMARY,"Floriana School T Narasipura, T Narasipura, Mysuru - 571124",T Narasipura,T Narasipura,Mysuru,Karnataka,571124,12.21002,76.90164,,984591611,info.s-155271@mysureschools.in,
461,S-156041,Sri Viveka Vidyalaya Global,STATE BOARD,English,PRIMARY,"Sri Viveka Vidyalaya Global, Srirampura, Mysuru - 570034",Srirampura,Srirampura,Mysuru,Karnataka,570034,12.27242,76.62988,,997277827,info.s-156041@mysureschools.in,
462,S-156180,Vidyadeep School Alanahalli,OTHER,English,PLAY SCHOOL,"Vidyadeep School Alanahalli, Alanahalli, Mysuru - 570028",Alanahalli,Alanahalli,Mysuru,Karnataka,570028,12.30194,76.69566,,959191148,info.s-156180@mysureschools.in,
463,S-156181,Viveku Vidyalaya,STATE BOARD,English,PRIMARY,"Viveku Vidyalaya, Alanahalli, Mysuru - 570028",Alanahalli,Alanahalli,Mysuru,Karnataka,570028,12.29642,76.69726,,959191148,info.s-156181@mysureschools.in,
464,S-156333,My First School,OTHER,English,PLAY SCHOOL,"My First School, Ramakrishna Nagar, Mysuru - 570034",Ramakrishna Nagar,Ramakrishna Nagar,Mysuru,Karnataka,570034,12.29226,76.6205,,968633547,info.s-156333@mysureschools.in,
465,S-156334,Buds House Of Montessori,OTHER,English,PLAY SCHOOL,"Buds House Of Montessori, Mysuru, Mysuru - 570022",Mysuru,Mysuru,Mysuru,Karnataka,570022,12.3048,76.621,,903681447,info.s-156334@mysureschools.in,
466,S-156335,Kidzee Pre School,OTHER,English,PLAY SCHOOL,"Kidzee Pre School, Mysuru, Mysuru - 570034",Mysuru,Mysuru,Mysuru,Karnataka,570034,12.2993,76.6186,,984423507,info.s-156335@mysureschools.in,
467,S-156336,Aaryan Kids Srirampura,OTHER,English,PLAY SCHOOL,"Aaryan Kids Srirampura, Srirampura, Mysuru - 570034",Srirampura,Srirampura,Mysuru,Karnataka,570034,12.27458,76.625,,+91 821 2410000,info.s-156336@mysureschools.in,
468,S-156387,Sri Acharya Gurukula Montessori School Kadakola,OTHER,English,PLAY SCHOOL,"Sri Acharya Gurukula Montessori School Kadakola, Mysuru, Mysuru - 571311",Mysuru,Mysuru,Mysuru,Karnataka,571311,12.2073,76.6732,,959191148,info.s-156387@mysureschools.in,
469,S-156388,Acharya International Icse School Kadakola,ICSE,English,PRIMARY,"Acharya International Icse School Kadakola, Mysuru, Mysuru - 571302",Mysuru,Mysuru,Mysuru,Karnataka,571302,12.20682,76.6728,,959191148,info.s-156388@mysureschools.in,
470,S-156400,Gnana Vahini School Srirampura,STATE BOARD,English,PRIMARY,"Gnana Vahini School Srirampura, Srirampura, Mysuru - 570034",Srirampura,Srirampura,Mysuru,Karnataka,570034,12.27058,76.62492,,+91 821 2410000,info.s-156400@mysureschools.in,
471,S-156401,Lisa 1St Step Pre School,OTHER,English,PLAY SCHOOL,"Lisa 1St Step Pre School, Srirampura, Mysuru - 570034",Srirampura,Srirampura,Mysuru,Karnataka,570034,12.27218,76.62388,,924307848,info.s-156401@mysureschools.in,
472,S-156402,Divine Kids Pre School Srirampura,OTHER,English,PLAY SCHOOL,"Divine Kids Pre School Srirampura, Srirampura, Mysuru - 570034",Srirampura,Srirampura,Mysuru,Karnataka,570034,12.27234,76.62604,,+91 821 2410000,info.s-156402@mysureschools.in,
473,S-156403,Smart School Junior Srirampura,OTHER,English,PLAY SCHOOL,"Smart School Junior Srirampura, Srirampura, Mysuru - 570034",Srirampura,Srirampura,Mysuru,Karnataka,570034,12.27298,76.62988,,959191148,info.s-156403@mysureschools.in,
474,S-156404,Basil Buds International School,OTHER,English,PLAY SCHOOL,"Basil Buds International School, Mysuru, Mysuru - 570023",Mysuru,Mysuru,Mysuru,Karnataka,570023,12.306,76.6216,,959191148,info.s-156404@mysureschools.in,
475,S-156503,Vedic Pre School Saraswathipuram,OTHER,English,PLAY SCHOOL,"Vedic Pre School Saraswathipuram, Saraswathipuram, Mysuru - 570009",Saraswathipuram,Saraswathipuram,Mysuru,Karnataka,570009,12.31126,76.63418,,910810839,info.s-156503@mysureschools.in,
476,S-156504,Tiny Teddys Pre School Saraswathipuram,OTHER,English,PLAY SCHOOL,"Tiny Teddys Pre School Saraswathipuram, Saraswathipuram, Mysuru - 570009",Saraswathipuram,Saraswathipuram,Mysuru,Karnataka,570009,12.30486,76.63314,,996404279,info.s-156504@mysureschools.in,
477,S-162376,Honey Bee Kidz Pre School,OTHER,English,PLAY SCHOOL,"Honey Bee Kidz Pre School, Mysuru, Mysuru - 570028",Mysuru,Mysuru,Mysuru,Karnataka,570028,12.2884,76.70932,,994527272,info.s-162376@mysureschools.in,
478,S-162377,Supreme School Sd Nagar,STATE BOARD,English,PRIMARY,"Supreme School Sd Nagar, Mysuru, Mysuru - 570022",Mysuru,Mysuru,Mysuru,Karnataka,570022,12.3046,76.6146,,959191148,info.s-162377@mysureschools.in,
479,S-162584,Ravindra School Hebbalaguppe,STATE BOARD,English,PRIMARY,"Ravindra School Hebbalaguppe, Hebbal, Mysuru - 571114",Hebbal,Hebbal,Mysuru,Karnataka,571114,12.3651,76.61704,,959191148,info.s-162584@mysureschools.in,
480,S-162840,Sri Srikanteshwara Vidya Samsthe Hullahalli,STATE BOARD,English,PRIMARY,"Sri Srikanteshwara Vidya Samsthe Hullahalli, Hullahalli, Mysuru - 571314",Hullahalli,Hullahalli,Mysuru,Karnataka,571314,12.04748,76.53904,,959191158,info.s-162840@mysureschools.in,
481,S-162997,Bizi Brain Pre School,OTHER,English,PLAY SCHOOL,"Bizi Brain Pre School, Mysuru, Mysuru - 570033",Mysuru,Mysuru,Mysuru,Karnataka,570033,12.3017,76.6166,,+91 821 2410000,info.s-162997@mysureschools.in,
482,S-162998,Tiny Treasure Pre School Vijayanagar,OTHER,English,PLAY SCHOOL,"Tiny Treasure Pre School Vijayanagar, Vijayanagar, Mysuru - 570017",Vijayanagar,Vijayanagar,Mysuru,Karnataka,570017,12.33978,76.60486,,994545644,info.s-162998@mysureschools.in,
483,S-163001,Green Wings Pre School,OTHER,English,PLAY SCHOOL,"Green Wings Pre School, Mysuru, Mysuru - 570023",Mysuru,Mysuru,Mysuru,Karnataka,570023,12.3046,76.6171,,959191149,info.s-163001@mysureschools.in,
484,S-163002,Kids Academy Gokulam,OTHER,English,PLAY SCHOOL,"Kids Academy Gokulam, Gokulam, Mysuru - 570002",Gokulam,Gokulam,Mysuru,Karnataka,570002,12.33114,76.63772,,959191148,info.s-163002@mysureschools.in,
485,S-163331,Pusthi Pre School,OTHER,English,PLAY SCHOOL,"Pusthi Pre School, Mysuru, Mysuru - 570028",Mysuru,Mysuru,Mysuru,Karnataka,570028,12.2987,76.615,,997200221,info.s-163331@mysureschools.in,
486,S-165616,Dhatri Vidyalaya Hulikere,STATE BOARD,English,PRIMARY,"Dhatri Vidyalaya Hulikere, Mandya, Mysuru - 571606",Mandya,Mandya,Mysuru,Karnataka,571606,12.52324,76.89674,,934359990,info.s-165616@mysureschools.in,
487,S-166018,Model,STATE BOARD,English,PRIMARY,"Model, Hassan, Mysuru - 573125",Hassan,Hassan,Mysuru,Karnataka,573125,13.00058,76.09952,,944806224,info.s-166018@mysureschools.in,
